author,rank,feature,weight,abs_weight,direction
David Uhlíř,1,fw_vůči,0.2196381665779996,0.2196381665779996,positive
David Uhlíř,2,fw_zda,0.21849087994797436,0.21849087994797436,positive
David Uhlíř,3,xpos2_AAIS2----1A----_AAIS2----1A----,0.21322729768162343,0.21322729768162343,positive
David Uhlíř,4,fw_také,0.2009950381925991,0.2009950381925991,positive
David Uhlíř,5,char3_ně ,-0.18070241950188845,0.18070241950188845,negative
David Uhlíř,6,pos2_NOUN_CCONJ,0.1618143067352295,0.1618143067352295,positive
David Uhlíř,7,xpos2_AAIP1----1A----_NNIP1-----A----,0.16075788827894774,0.16075788827894774,positive
David Uhlíř,8,fw_jenž,-0.16033490999764657,0.16033490999764657,negative
David Uhlíř,9,pos2_ADP_DET,0.1569804204976606,0.1569804204976606,positive
David Uhlíř,10,fw_před,0.15501370369917125,0.15501370369917125,positive
David Uhlíř,11,pos2_PUNCT_PRON,-0.15086752161091085,0.15086752161091085,negative
David Uhlíř,12,fw_zatímco,0.14927192464732683,0.14927192464732683,positive
David Uhlíř,13,char3_e p,-0.13980930710077916,0.13980930710077916,negative
David Uhlíř,14,char3_nýc,-0.13933854376254093,0.13933854376254093,negative
David Uhlíř,15,fw_takže,0.13846941650741557,0.13846941650741557,positive
David Uhlíř,16,char3_e v,0.13778242766997156,0.13778242766997156,positive
David Uhlíř,17,char3_ého,0.13682855265788646,0.13682855265788646,positive
David Uhlíř,18,char3_ ko,0.13210690578632497,0.13210690578632497,positive
David Uhlíř,19,morph_Case_Voc,0.13161641192075785,0.13161641192075785,positive
David Uhlíř,20,xpos2_NNNS6-----A----_Z:-------------,-0.13124222770830207,0.13124222770830207,negative
Eliška Wagnerová,1,xpos2_NNFS2-----A----_NNFS2-----A----,0.32402626453669275,0.32402626453669275,positive
Eliška Wagnerová,2,char3_ ko,0.2751284429581169,0.2751284429581169,positive
Eliška Wagnerová,3,fw_avšak,0.2550039330536489,0.2550039330536489,positive
Eliška Wagnerová,4,fw_naopak,0.2467593762310725,0.2467593762310725,positive
Eliška Wagnerová,5,fw_přesto,0.2149550243284343,0.2149550243284343,positive
Eliška Wagnerová,6,pos2_PUNCT_DET,0.19427004972249018,0.19427004972249018,positive
Eliška Wagnerová,7,char3_kon,0.1906549606614007,0.1906549606614007,positive
Eliška Wagnerová,8,pos2_AUX_ADV,0.1858093927099814,0.1858093927099814,positive
Eliška Wagnerová,9,xpos2_P7-X4----------_VB-S---3P-AA---,-0.1850043463725001,0.1850043463725001,negative
Eliška Wagnerová,10,char3_pad,0.18240272515651065,0.18240272515651065,positive
Eliška Wagnerová,11,fw_skrz,0.18124732665334364,0.18124732665334364,positive
Eliška Wagnerová,12,fw_ovšem,0.18059523721844867,0.18059523721844867,positive
Eliška Wagnerová,13,fw_s,0.17302742891208617,0.17302742891208617,positive
Eliška Wagnerová,14,fw_totiž,0.17048404733246397,0.17048404733246397,positive
Eliška Wagnerová,15,pos2_CCONJ_DET,0.16556657492030524,0.16556657492030524,positive
Eliška Wagnerová,16,fw_ale,-0.16429578654109117,0.16429578654109117,negative
Eliška Wagnerová,17,fw_pouze,-0.16426330705535164,0.16426330705535164,negative
Eliška Wagnerová,18,pos2_ADV_ADJ,0.16191891298367972,0.16191891298367972,positive
Eliška Wagnerová,19,char3_la ,0.15596936009587,0.15596936009587,positive
Eliška Wagnerová,20,punct_;_per1k,-0.15381693366605928,0.15381693366605928,negative
Iva Brožová,1,fw_dle,0.19584406996749873,0.19584406996749873,positive
Iva Brožová,2,fw_protože,0.16864024541629724,0.16864024541629724,positive
Iva Brožová,3,xpos2_NNIXX-----A---8_Z:-------------,0.15073532125402123,0.15073532125402123,positive
Iva Brožová,4,sent_len_std,0.15060563152378362,0.15060563152378362,positive
Iva Brožová,5,fw_nicméně,0.1435041065753264,0.1435041065753264,positive
Iva Brožová,6,xpos2_NNMXX-----A---8_Z:-------------,0.14340312538913794,0.14340312538913794,positive
Iva Brožová,7,char3_. 1,0.13589387771091377,0.13589387771091377,positive
Iva Brožová,8,xpos2_C=-------------_NNFXX-----A---8,0.13413996602807038,0.13413996602807038,positive
Iva Brožová,9,xpos2_J^-------------_Db-------------,0.12655885926818528,0.12655885926818528,positive
Iva Brožová,10,sent_len_mean,0.12525876437596678,0.12525876437596678,positive
Iva Brožová,11,char3_že ,0.11876738138818783,0.11876738138818783,positive
Iva Brožová,12,xpos2_Z:-------------_NNMXX-----A---8,0.11366638009980638,0.11366638009980638,positive
Iva Brožová,13,"char3_ , ",0.11237552194199815,0.11237552194199815,positive
Iva Brožová,14,word_len_mean,-0.10656269706188036,0.10656269706188036,negative
Iva Brožová,15,fw_podle,-0.09976280385641484,0.09976280385641484,negative
Iva Brožová,16,xpos2_Z:-------------_NNNXX-----A---8,0.09878481134869813,0.09878481134869813,positive
Iva Brožová,17,pos2_NUM_NOUN,0.0968842751522205,0.0968842751522205,positive
Iva Brožová,18,xpos2_C=-------------_NNFS2-----A----,0.09672352277620716,0.09672352277620716,positive
Iva Brožová,19,char3_ že,0.09324059388209424,0.09324059388209424,positive
Iva Brožová,20,"char3_, ž",0.0916102097859707,0.0916102097859707,positive
Ivana Janů,1,xpos2_RV--6----------_NNIS6-----A----,0.3409251241669527,0.3409251241669527,positive
Ivana Janů,2,fw_tedy,-0.3202807761092148,0.3202807761092148,negative
Ivana Janů,3,xpos2_NNIXX-----A---1_C=-------------,0.3149680546685241,0.3149680546685241,positive
Ivana Janů,4,char3_at ,0.31264166146790817,0.31264166146790817,positive
Ivana Janů,5,fw_totiž,-0.300294168488561,0.300294168488561,negative
Ivana Janů,6,fw_potom,0.28333295859424973,0.28333295859424973,positive
Ivana Janů,7,fw_bezpochyby,0.2762908461385172,0.2762908461385172,positive
Ivana Janů,8,fw_na,0.2716278541318692,0.2716278541318692,positive
Ivana Janů,9,char3_ ob,0.2715640382414045,0.2715640382414045,positive
Ivana Janů,10,fw_i,0.26496851068224286,0.26496851068224286,positive
Ivana Janů,11,"punct_""_per1k",-0.25743401481382316,0.25743401481382316,negative
Ivana Janů,12,char3_u v,0.2564553323101395,0.2564553323101395,positive
Ivana Janů,13,fw_zdali,0.25541666290328635,0.25541666290328635,positive
Ivana Janů,14,fw_nepochybně,0.25402070686968736,0.25402070686968736,positive
Ivana Janů,15,char3_a s,0.2526612465116302,0.2526612465116302,positive
Ivana Janů,16,punct_;_per1k,0.25085272859440316,0.25085272859440316,positive
Ivana Janů,17,char3_dní,-0.24798646807767047,0.24798646807767047,negative
Ivana Janů,18,fw_bez,-0.2467281232645065,0.2467281232645065,negative
Ivana Janů,19,fw_jen,-0.24629939573003246,0.24629939573003246,negative
Ivana Janů,20,fw_pouze,0.24554015148624928,0.24554015148624928,positive
Jan Filip,1,fw_dokud,0.23314277833098987,0.23314277833098987,positive
Jan Filip,2,fw_takže,0.21981483299492935,0.21981483299492935,positive
Jan Filip,3,fw_u,0.2125635483699222,0.2125635483699222,positive
Jan Filip,4,fw_ten,0.19163175683572067,0.19163175683572067,positive
Jan Filip,5,"xpos2_J,-------------_RR--6----------",0.18024758204334065,0.18024758204334065,positive
Jan Filip,6,morph_Tense_Fut,0.1767334689057761,0.1767334689057761,positive
Jan Filip,7,fw_něco,0.16967705851006198,0.16967705851006198,positive
Jan Filip,8,xpos2_Vf--------A----_Z:-------------,0.16099383481515425,0.16099383481515425,positive
Jan Filip,9,fw_při,0.1563958187255306,0.1563958187255306,positive
Jan Filip,10,char3_ vě,0.15452632379668246,0.15452632379668246,positive
Jan Filip,11,sent_count,0.1532042950765648,0.1532042950765648,positive
Jan Filip,12,char3_ ja,0.15302376019428496,0.15302376019428496,positive
Jan Filip,13,xpos2_VB-S---3P-NA---_Z:-------------,0.15188660424267836,0.15188660424267836,positive
Jan Filip,14,pos2_SCONJ_ADP,0.1492444821206987,0.1492444821206987,positive
Jan Filip,15,char3_jak,0.14789201819673312,0.14789201819673312,positive
Jan Filip,16,fw_přece,0.14147831644380285,0.14147831644380285,positive
Jan Filip,17,fw_jenž,-0.13451554542430932,0.13451554542430932,negative
Jan Filip,18,pos2_ADV_AUX,0.1339921268511279,0.1339921268511279,positive
Jan Filip,19,pos2_ADJ_CCONJ,-0.13051619303282236,0.13051619303282236,negative
Jan Filip,20,pos2_VERB_PUNCT,0.13003214919610517,0.13003214919610517,positive
Jan Musil,1,word_len_std,0.3074023486930694,0.3074023486930694,positive
Jan Musil,2,xpos2_AAIS6----1A----_NNIS6-----A----,0.24983180560030754,0.24983180560030754,positive
Jan Musil,3,char3_ ná,0.23028332742642493,0.23028332742642493,positive
Jan Musil,4,sent_count,0.22584922114709002,0.22584922114709002,positive
Jan Musil,5,pos2_PUNCT_ADJ,0.224210126070991,0.224210126070991,positive
Jan Musil,6,fw_jestliže,0.22403338335331419,0.22403338335331419,positive
Jan Musil,7,fw_ale,-0.2170934219517666,0.2170934219517666,negative
Jan Musil,8,char3_led,-0.2119663165986763,0.2119663165986763,negative
Jan Musil,9,char3_ na,-0.20418670583088164,0.20418670583088164,negative
Jan Musil,10,fw_okolo,0.2025639520121709,0.2025639520121709,positive
Jan Musil,11,fw_pak,-0.20126770409725764,0.20126770409725764,negative
Jan Musil,12,pos2_SCONJ_ADJ,0.18784214019634157,0.18784214019634157,positive
Jan Musil,13,xpos2_NNNS2-----A----_Z:-------------,0.1840051444624243,0.1840051444624243,positive
Jan Musil,14,char3_ak ,-0.18391040137911227,0.18391040137911227,negative
Jan Musil,15,punct_;_per1k,0.18371176681770304,0.18371176681770304,positive
Jan Musil,16,xpos2_Z:-------------_J^-------------,-0.1817310755054154,0.1817310755054154,negative
Jan Musil,17,sent_len_mean,-0.17929493740754973,0.17929493740754973,negative
Jan Musil,18,pos2_DET_ADJ,0.17744825622230306,0.17744825622230306,positive
Jan Musil,19,fw_při,0.17259467814215676,0.17259467814215676,positive
Jan Musil,20,"char3_, a",-0.1719093712765893,0.1719093712765893,negative
Jiří Nykodým,1,fw_toho,0.35471645435391697,0.35471645435391697,positive
Jiří Nykodým,2,fw_čili,0.23203627918594996,0.23203627918594996,positive
Jiří Nykodým,3,fw_ovšem,0.2278143540400706,0.2278143540400706,positive
Jiří Nykodým,4,char3_pří,0.2232090451792548,0.2232090451792548,positive
Jiří Nykodým,5,char3_pod,-0.19656829725727704,0.19656829725727704,negative
Jiří Nykodým,6,pos2_ADJ_CCONJ,0.19272225802852772,0.19272225802852772,positive
Jiří Nykodým,7,fw_nyní,0.18096654290033282,0.18096654290033282,positive
Jiří Nykodým,8,pos2_NUM_ADP,0.17984578837581375,0.17984578837581375,positive
Jiří Nykodým,9,fw_jen,0.1763252232391128,0.1763252232391128,positive
Jiří Nykodým,10,xpos2_AAIS4----1A----_NNIS4-----A----,0.17467999700616474,0.17467999700616474,positive
Jiří Nykodým,11,fw_však,-0.1663233623804041,0.1663233623804041,negative
Jiří Nykodým,12,fw_poté,0.15707478561610533,0.15707478561610533,positive
Jiří Nykodým,13,fw_i,-0.1538701326545425,0.1538701326545425,negative
Jiří Nykodým,14,char3_ i ,-0.1498185162679127,0.1498185162679127,negative
Jiří Nykodým,15,fw_do,0.1493397843955091,0.1493397843955091,positive
Jiří Nykodým,16,xpos2_VB-S---3P-AA---_RR--4----------,0.1489177326217758,0.1489177326217758,positive
Jiří Nykodým,17,char3_ ve,0.14525865496595453,0.14525865496595453,positive
Jiří Nykodým,18,char3_ vě,-0.137750003713269,0.137750003713269,negative
Jiří Nykodým,19,xpos2_AANS7----1A----_NNNS7-----A----,0.13702245896397736,0.13702245896397736,positive
Jiří Nykodým,20,fw_rovněž,-0.12939795509459828,0.12939795509459828,negative
Jiří Zemánek,1,fw_jakmile,0.24328397249268274,0.24328397249268274,positive
Jiří Zemánek,2,char3_že ,-0.21138207292279504,0.21138207292279504,negative
Jiří Zemánek,3,sent_len_mean,0.20811519766887077,0.20811519766887077,positive
Jiří Zemánek,4,word_len_median,0.19264030423957068,0.19264030423957068,positive
Jiří Zemánek,5,fw_kvůli,0.18335362648188663,0.18335362648188663,positive
Jiří Zemánek,6,fw_přestože,0.18245419121406328,0.18245419121406328,positive
Jiří Zemánek,7,char3_ako,0.1742963372948949,0.1742963372948949,positive
Jiří Zemánek,8,pos2_PUNCT_ADJ,0.17367429385748245,0.17367429385748245,positive
Jiří Zemánek,9,fw_už,0.1733452023750531,0.1733452023750531,positive
Jiří Zemánek,10,xpos2_AAIS2----1A----_AAIS2----1A----,0.17315690058207783,0.17315690058207783,positive
Jiří Zemánek,11,"char3_, ž",-0.16915580139410816,0.16915580139410816,negative
Jiří Zemánek,12,pos2_NUM_ADP,0.16647534187706298,0.16647534187706298,positive
Jiří Zemánek,13,char3_ že,-0.16554991979757655,0.16554991979757655,negative
Jiří Zemánek,14,xpos2_AAIS6----1A----_NNIS6-----A----,0.16368847469595663,0.16368847469595663,positive
Jiří Zemánek,15,fw_že,-0.16231940779598913,0.16231940779598913,negative
Jiří Zemánek,16,pos2_NOUN_NOUN,0.16158058845065687,0.16158058845065687,positive
Jiří Zemánek,17,sent_len_median,0.1588315819376594,0.1588315819376594,positive
Jiří Zemánek,18,sent_len_std,0.1504784731885178,0.1504784731885178,positive
Jiří Zemánek,19,xpos2_Z:-------------_NNIXX-----A---8,0.14690613872525196,0.14690613872525196,positive
Jiří Zemánek,20,xpos2_Z:-------------_NNIS2-----A----,0.14477493836353078,0.14477493836353078,positive
Josef Fiala,1,char3_pra,0.2309105314658725,0.2309105314658725,positive
Josef Fiala,2,pos2_ADP_PROPN,0.1982750628502771,0.1982750628502771,positive
Josef Fiala,3,fw_vůči,0.19348063859374143,0.19348063859374143,positive
Josef Fiala,4,xpos2_AAIS6----1A----_NNIS6-----A---1,0.19127323877169697,0.19127323877169697,positive
Josef Fiala,5,xpos2_NNIS6-----A---1_Z:-------------,0.1824897219818506,0.1824897219818506,positive
Josef Fiala,6,xpos2_NNNXX-----A----_Z:-------------,0.17026983688739902,0.17026983688739902,positive
Josef Fiala,7,char3_pod,0.16824375597071925,0.16824375597071925,positive
Josef Fiala,8,pos2_VERB_PRON,-0.16780574216645083,0.16780574216645083,negative
Josef Fiala,9,morph_Mood_Imp,0.1662828965783077,0.1662828965783077,positive
Josef Fiala,10,fw_když,-0.15253997482330783,0.15253997482330783,negative
Josef Fiala,11,pos2_ADJ_ADV,-0.14047684822204534,0.14047684822204534,negative
Josef Fiala,12,pos2_ADV_CCONJ,-0.13956103024867528,0.13956103024867528,negative
Josef Fiala,13,char3_pad,-0.13833026299518614,0.13833026299518614,negative
Josef Fiala,14,char3_ate,0.13677321818952892,0.13677321818952892,positive
Josef Fiala,15,char3_nos,0.1365364647860071,0.1365364647860071,positive
Josef Fiala,16,char3_ 20,0.13457792979871333,0.13457792979871333,positive
Josef Fiala,17,char3_ast,0.13262792582403385,0.13262792582403385,positive
Josef Fiala,18,xpos2_Z:-------------_RR--4----------,0.13160283392407882,0.13160283392407882,positive
Josef Fiala,19,char3_tel,0.1285538971562257,0.1285538971562257,positive
Josef Fiala,20,char3_odn,0.1270079323019677,0.1270079323019677,positive
Kateřina Šimáčková,1,fw_napříč,0.22711606742364485,0.22711606742364485,positive
Kateřina Šimáčková,2,char3_ván,0.2128049110627853,0.2128049110627853,positive
Kateřina Šimáčková,3,char3_kov,0.18938725768642847,0.18938725768642847,positive
Kateřina Šimáčková,4,morph_Degree_Cmp,0.18639187982475047,0.18639187982475047,positive
Kateřina Šimáčková,5,sent_count,0.18407857966487387,0.18407857966487387,positive
Kateřina Šimáčková,6,char3_ová,0.18251523683727305,0.18251523683727305,positive
Kateřina Šimáčková,7,fw_zejména,0.14821419182190304,0.14821419182190304,positive
Kateřina Šimáčková,8,morph_Number_Sing,-0.14286189662349907,0.14286189662349907,negative
Kateřina Šimáčková,9,fw_tedy,0.1411987122426339,0.1411987122426339,positive
Kateřina Šimáčková,10,char3_ání,0.1407216256830262,0.1407216256830262,positive
Kateřina Šimáčková,11,fw_kvůli,0.1405142696420012,0.1405142696420012,positive
Kateřina Šimáčková,12,morph_Number_Plur,0.13849523093433722,0.13849523093433722,positive
Kateřina Šimáčková,13,morph_Gender_Fem,0.12981509118766882,0.12981509118766882,positive
Kateřina Šimáčková,14,morph_Gender_Masc,-0.12558088128666903,0.12558088128666903,negative
Kateřina Šimáčková,15,morph_Degree_Pos,-0.12546013146244225,0.12546013146244225,negative
Kateřina Šimáčková,16,char3_í p,0.12212139719262875,0.12212139719262875,positive
Kateřina Šimáčková,17,fw_pouze,0.12169164175026026,0.12169164175026026,positive
Kateřina Šimáčková,18,fw_skrz,0.12046067225769268,0.12046067225769268,positive
Kateřina Šimáčková,19,fw_případně,0.11986521405350464,0.11986521405350464,positive
Kateřina Šimáčková,20,fw_kolem,0.11841755258335207,0.11841755258335207,positive
Ludvík David,1,punct_;_per1k,0.2818922783556711,0.2818922783556711,positive
Ludvík David,2,fw_též,0.27814757950652375,0.27814757950652375,positive
Ludvík David,3,fw_zjevně,0.24053000354058013,0.24053000354058013,positive
Ludvík David,4,fw_přestože,0.22602866468727129,0.22602866468727129,positive
Ludvík David,5,char3_pře,0.2236658261885448,0.2236658261885448,positive
Ludvík David,6,char3_ př,0.22041565446671832,0.22041565446671832,positive
Ludvík David,7,pos2_PRON_VERB,0.21286499895140953,0.21286499895140953,positive
Ludvík David,8,fw_některý,0.2040018143825184,0.2040018143825184,positive
Ludvík David,9,fw_však,0.20333844257964975,0.20333844257964975,positive
Ludvík David,10,fw_skrz,0.19500727664138473,0.19500727664138473,positive
Ludvík David,11,xpos2_VB-S---3P-NA---_Z:-------------,-0.19195155601755326,0.19195155601755326,negative
Ludvík David,12,xpos2_VB-S---3P-NA---_Vf--------A----,0.18903075601334832,0.18903075601334832,positive
Ludvík David,13,fw_při,0.18344248462168927,0.18344248462168927,positive
Ludvík David,14,char3_den,-0.1776202110150698,0.1776202110150698,negative
Ludvík David,15,char3_ce ,0.1772129221440264,0.1772129221440264,positive
Ludvík David,16,fw_všechen,0.17516031031641469,0.17516031031641469,positive
Ludvík David,17,xpos2_RR--4----------_NNIS4-----A----,0.17488201731757233,0.17488201731757233,positive
Ludvík David,18,xpos2_NNIS2-----A----_J^-------------,0.17094725495977403,0.17094725495977403,positive
Ludvík David,19,pos2_PUNCT_ADJ,0.1707404539024038,0.1707404539024038,positive
Ludvík David,20,pos2_NOUN_PRON,0.16889318201669137,0.16889318201669137,positive
Michaela Židlická,1,fw_doposud,0.3115534622957086,0.3115534622957086,positive
Michaela Židlická,2,fw_neboť,0.2052426887358476,0.2052426887358476,positive
Michaela Židlická,3,fw_ano,0.1943330782879387,0.1943330782879387,positive
Michaela Židlická,4,fw_jenž,0.1742656549936257,0.1742656549936257,positive
Michaela Židlická,5,fw_ovšem,0.15670989289031084,0.15670989289031084,positive
Michaela Židlická,6,fw_ačkoliv,0.14163075848397352,0.14163075848397352,positive
Michaela Židlická,7,fw_nicméně,0.14093742149079458,0.14093742149079458,positive
Michaela Židlická,8,xpos2_ACNS------A----_Vf--------A----,0.13753328364170722,0.13753328364170722,positive
Michaela Židlická,9,"char3_, n",0.13749447340780607,0.13749447340780607,positive
Michaela Židlická,10,pos2_ADJ_VERB,0.13697963158749527,0.13697963158749527,positive
Michaela Židlická,11,"char3_, j",0.13376160141297846,0.13376160141297846,positive
Michaela Židlická,12,fw_mimo,0.12143493406932775,0.12143493406932775,positive
Michaela Židlická,13,char3_ po,-0.10917773299153714,0.10917773299153714,negative
Michaela Židlická,14,char3_pra,0.10899381003868092,0.10899381003868092,positive
Michaela Židlická,15,xpos2_AANP2----1A----_NNNP2-----A----,0.10582145238579115,0.10582145238579115,positive
Michaela Židlická,16,fw_u,0.10451316911493365,0.10451316911493365,positive
Michaela Židlická,17,pos2_PRON_NOUN,0.10366790317773232,0.10366790317773232,positive
Michaela Židlická,18,pos2_NOUN_DET,0.10232613286453962,0.10232613286453962,positive
Michaela Židlická,19,pos2_PRON_AUX,0.0981806359939541,0.0981806359939541,positive
Michaela Židlická,20,char3_řed,0.09609706244258077,0.09609706244258077,positive
Miloslav Výborný,1,fw_buď,0.281763074035888,0.281763074035888,positive
Miloslav Výborný,2,punct_;_per1k,0.2654563288970444,0.2654563288970444,positive
Miloslav Výborný,3,pos2_ADJ_VERB,0.22265072268513234,0.22265072268513234,positive
Miloslav Výborný,4,fw_já,0.2216816161940534,0.2216816161940534,positive
Miloslav Výborný,5,fw_též,0.21383495130519078,0.21383495130519078,positive
Miloslav Výborný,6,fw_především,0.1812168742802637,0.1812168742802637,positive
Miloslav Výborný,7,pos2_ADP_ADV,0.16698547620015158,0.16698547620015158,positive
Miloslav Výborný,8,char3_ate,0.16549489316823215,0.16549489316823215,positive
Miloslav Výborný,9,char3_ále,0.16395944496874088,0.16395944496874088,positive
Miloslav Výborný,10,pos2_PUNCT_PART,0.1589146507508334,0.1589146507508334,positive
Miloslav Výborný,11,xpos2_Z:-------------_TT-------------,0.1589146507508334,0.1589146507508334,positive
Miloslav Výborný,12,char3_le ,0.153353570948383,0.153353570948383,positive
Miloslav Výborný,13,fw_skrz,0.13453572199386854,0.13453572199386854,positive
Miloslav Výborný,14,char3_ou ,0.13243516870011407,0.13243516870011407,positive
Miloslav Výborný,15,fw_ještě,0.13190880273805547,0.13190880273805547,positive
Miloslav Výborný,16,char3_nýc,0.13036486783548412,0.13036486783548412,positive
Miloslav Výborný,17,fw_dle,0.12938321024346952,0.12938321024346952,positive
Miloslav Výborný,18,pos2_CCONJ_ADV,0.12889341284121417,0.12889341284121417,positive
Miloslav Výborný,19,pos2_NOUN_ADJ,0.12780159727044293,0.12780159727044293,positive
Miloslav Výborný,20,char3_nál,0.12754402706127824,0.12754402706127824,positive
Pavel Varvařovský,1,fw_tedy,0.29709383698230857,0.29709383698230857,positive
Pavel Varvařovský,2,fw_nežli,0.19851646296841582,0.19851646296841582,positive
Pavel Varvařovský,3,fw_pak,0.19836235251081466,0.19836235251081466,positive
Pavel Varvařovský,4,fw_vlastně,0.18755003932865058,0.18755003932865058,positive
Pavel Varvařovský,5,char3_ter,0.17703806277378992,0.17703806277378992,positive
Pavel Varvařovský,6,char3_ ob,0.1760792849944047,0.1760792849944047,positive
Pavel Varvařovský,7,fw_zřejmě,0.1732187001104985,0.1732187001104985,positive
Pavel Varvařovský,8,pos2_ADV_CCONJ,0.15916227053704676,0.15916227053704676,positive
Pavel Varvařovský,9,fw_tudíž,0.1390314533792666,0.1390314533792666,positive
Pavel Varvařovský,10,xpos2_NNIS2-----A----_NNNXX-----A---8,0.13250213504925254,0.13250213504925254,positive
Pavel Varvařovský,11,fw_žádný,0.13174890602653003,0.13174890602653003,positive
Pavel Varvařovský,12,char3_ako,0.13108009292135023,0.13108009292135023,positive
Pavel Varvařovský,13,pos2_SCONJ_AUX,0.12770040801761645,0.12770040801761645,positive
Pavel Varvařovský,14,char3_dy ,0.12748842649801212,0.12748842649801212,positive
Pavel Varvařovský,15,pos2_PUNCT_SCONJ,0.12517715657688927,0.12517715657688927,positive
Pavel Varvařovský,16,fw_přesto,0.12464206168460658,0.12464206168460658,positive
Pavel Varvařovský,17,char3_níh,0.12341252920561357,0.12341252920561357,positive
Pavel Varvařovský,18,char3_ ve,-0.1219833877781448,0.1219833877781448,negative
Pavel Varvařovský,19,pos2_ADP_PRON,-0.12149151427288091,0.12149151427288091,negative
Pavel Varvařovský,20,pos2_VERB_CCONJ,0.12089823357499829,0.12089823357499829,positive
Radovan Suchánek,1,punct_;_per1k,-0.43744883333249635,0.43744883333249635,negative
Radovan Suchánek,2,xpos2_Z:-------------_NNIS1-----A----,0.40729319719424756,0.40729319719424756,positive
Radovan Suchánek,3,fw_přitom,0.3688446517222815,0.3688446517222815,positive
Radovan Suchánek,4,xpos2_NNMS2-----A----_Z:-------------,0.35722134456906873,0.35722134456906873,positive
Radovan Suchánek,5,xpos2_NNFS4-----A----_Z:-------------,-0.31423769762838444,0.31423769762838444,negative
Radovan Suchánek,6,"punct_""_per1k",0.297888726639657,0.297888726639657,positive
Radovan Suchánek,7,fw_ani,0.2963815721139343,0.2963815721139343,positive
Radovan Suchánek,8,"char3_ "" ",0.29636201245317145,0.29636201245317145,positive
Radovan Suchánek,9,char3_na ,0.2635692704268097,0.2635692704268097,positive
Radovan Suchánek,10,punct_!_per1k,0.2593376400740833,0.2593376400740833,positive
Radovan Suchánek,11,xpos2_AAFS2----1A----_NNFS2-----A----,0.2559115929854662,0.2559115929854662,positive
Radovan Suchánek,12,fw_tudíž,0.25389663085792163,0.25389663085792163,positive
Radovan Suchánek,13,fw_když,0.2479572576496591,0.2479572576496591,positive
Radovan Suchánek,14,pos2_ADJ_ADV,0.2396458225639367,0.2396458225639367,positive
Radovan Suchánek,15,xpos2_P7-X4----------_Db-------------,0.21942888411348155,0.21942888411348155,positive
Radovan Suchánek,16,char3_ ko,-0.21843905268764297,0.21843905268764297,negative
Radovan Suchánek,17,xpos2_RV--6----------_NNIS6-----A----,-0.21672161638017767,0.21672161638017767,negative
Radovan Suchánek,18,xpos2_C=-------------_NNNXX-----A---8,0.21629282523341775,0.21629282523341775,positive
Radovan Suchánek,19,char3_lez,0.21092910781815377,0.21092910781815377,positive
Radovan Suchánek,20,xpos2_Z:-------------_RV--6----------,-0.2097621535357232,0.2097621535357232,negative
Stanislav Balík,1,fw_ke,0.3494386382435575,0.3494386382435575,positive
Stanislav Balík,2,pos2_AUX_PRON,0.34883579172909035,0.34883579172909035,positive
Stanislav Balík,3,char3_led,0.24973133149835489,0.24973133149835489,positive
Stanislav Balík,4,fw_asi,0.24500533137784503,0.24500533137784503,positive
Stanislav Balík,5,sent_len_max,0.24053135103972909,0.24053135103972909,positive
Stanislav Balík,6,fw_ještě,0.23228066816803128,0.23228066816803128,positive
Stanislav Balík,7,punct_?_per1k,0.2148303796023378,0.2148303796023378,positive
Stanislav Balík,8,punct_(_per1k,-0.20843983746132222,0.20843983746132222,negative
Stanislav Balík,9,char3_ ( ,-0.2043070348166659,0.2043070348166659,negative
Stanislav Balík,10,xpos2_VpYS---XR-AA---_Z:-------------,0.2002359997335235,0.2002359997335235,positive
Stanislav Balík,11,fw_ať,0.18928282724158263,0.18928282724158263,positive
Stanislav Balík,12,punct_;_per1k,-0.18337415557910414,0.18337415557910414,negative
Stanislav Balík,13,xpos2_RR--3----------_NNFS3-----A----,0.17388510237133334,0.17388510237133334,positive
Stanislav Balík,14,xpos2_NNIXX-----A---1_C=-------------,0.167136633524567,0.167136633524567,positive
Stanislav Balík,15,char3_sta,0.16601991000380772,0.16601991000380772,positive
Stanislav Balík,16,char3_nál,-0.1653377083867568,0.1653377083867568,negative
Stanislav Balík,17,morph_Gender_Masc,0.16506460874321652,0.16506460874321652,positive
Stanislav Balík,18,xpos2_RR--2----------_NNNS2-----A----,0.16493490549500306,0.16493490549500306,positive
Stanislav Balík,19,fw_totiž,-0.16491169520298823,0.16491169520298823,negative
Stanislav Balík,20,char3_ále,-0.16210916344831156,0.16210916344831156,negative
Vladimír Kůrka,1,punct_;_per1k,0.2251451796867443,0.2251451796867443,positive
Vladimír Kůrka,2,pos2_ADJ_PUNCT,0.21497260045070893,0.21497260045070893,positive
Vladimír Kůrka,3,"char3_ "" ",0.2072139552204372,0.2072139552204372,positive
Vladimír Kůrka,4,"punct_""_per1k",0.20145508103191243,0.20145508103191243,positive
Vladimír Kůrka,5,pos2_PUNCT_PRON,0.19466694597334222,0.19466694597334222,positive
Vladimír Kůrka,6,fw_on,0.18249166561855193,0.18249166561855193,positive
Vladimír Kůrka,7,"char3_, j",0.1689040178309526,0.1689040178309526,positive
Vladimír Kůrka,8,pos2_PUNCT_VERB,0.15805358081346488,0.15805358081346488,positive
Vladimír Kůrka,9,fw_právě,0.1501873603310906,0.1501873603310906,positive
Vladimír Kůrka,10,fw_zatímco,0.14719651451952967,0.14719651451952967,positive
Vladimír Kůrka,11,xpos2_NNFS4-----A----_Z:-------------,0.14693151853304814,0.14693151853304814,positive
Vladimír Kůrka,12,fw_ano,0.14052922001158533,0.14052922001158533,positive
Vladimír Kůrka,13,pos2_PUNCT_AUX,0.1357808420000816,0.1357808420000816,positive
Vladimír Kůrka,14,xpos2_Db-------------_Z:-------------,0.13065432304867114,0.13065432304867114,positive
Vladimír Kůrka,15,pos2_ADV_PUNCT,0.13064408630565144,0.13064408630565144,positive
Vladimír Kůrka,16,xpos2_RV--6----------_NNIS6-----A----,0.12979838915365913,0.12979838915365913,positive
Vladimír Kůrka,17,xpos2_J^-------------_Dg-------1A----,0.1289635990764582,0.1289635990764582,positive
Vladimír Kůrka,18,xpos2_Z:-------------_Db-------------,0.1280909985454937,0.1280909985454937,positive
Vladimír Kůrka,19,fw_naopak,0.12693819075323454,0.12693819075323454,positive
Vladimír Kůrka,20,pos2_PUNCT_ADV,0.1268476169225254,0.1268476169225254,positive
Vladimír Sládeček,1,fw_také,0.3585762418392985,0.3585762418392985,positive
Vladimír Sládeček,2,sent_count,0.29466647973159926,0.29466647973159926,positive
Vladimír Sládeček,3,char3_ky ,0.2532798619178802,0.2532798619178802,positive
Vladimír Sládeček,4,xpos2_RR--3----------_NNFS3-----A----,0.24099896463288917,0.24099896463288917,positive
Vladimír Sládeček,5,char3_den,0.2157652525388348,0.2157652525388348,positive
Vladimír Sládeček,6,fw_ostatně,0.21542292342118688,0.21542292342118688,positive
Vladimír Sládeček,7,fw_již,0.21270649504472125,0.21270649504472125,positive
Vladimír Sládeček,8,char3_ pr,0.19598902016435077,0.19598902016435077,positive
Vladimír Sládeček,9,fw_právě,0.18449353971769566,0.18449353971769566,positive
Vladimír Sládeček,10,fw_mimo,0.1826772442988948,0.1826772442988948,positive
Vladimír Sládeček,11,fw_především,0.18260496718003627,0.18260496718003627,positive
Vladimír Sládeček,12,char3_ za,-0.17788285113834248,0.17788285113834248,negative
Vladimír Sládeček,13,pos2_ADJ_ADV,0.17483450201056883,0.17483450201056883,positive
Vladimír Sládeček,14,char3_vat,0.17017836550527007,0.17017836550527007,positive
Vladimír Sládeček,15,fw_nikoliv,-0.16476916430841043,0.16476916430841043,negative
Vladimír Sládeček,16,ttr_form,-0.15616037311376155,0.15616037311376155,negative
Vladimír Sládeček,17,char3_ ji,0.15355603346398664,0.15355603346398664,positive
Vladimír Sládeček,18,hapax_ratio,-0.14417863635103578,0.14417863635103578,negative
Vladimír Sládeček,19,morph_Gender_Neut,-0.14195138242319205,0.14195138242319205,negative
Vladimír Sládeček,20,xpos2_NNFS2-----A----_Z:-------------,0.14175970757274642,0.14175970757274642,positive
Vojtěch Šimíček,1,fw_totiž,0.40759985855571357,0.40759985855571357,positive
Vojtěch Šimíček,2,fw_nyní,0.26187234925146785,0.26187234925146785,positive
Vojtěch Šimíček,3,char3_to ,0.21666351315124727,0.21666351315124727,positive
Vojtěch Šimíček,4,fw_proto,0.19410023260625356,0.19410023260625356,positive
Vojtěch Šimíček,5,fw_nicméně,0.18468988145532547,0.18468988145532547,positive
Vojtěch Šimíček,6,char3_ to,0.17838228312390758,0.17838228312390758,positive
Vojtěch Šimíček,7,fw_tento,0.16616323251995346,0.16616323251995346,positive
Vojtěch Šimíček,8,pos2_ADV_VERB,0.1544411985939351,0.1544411985939351,positive
Vojtěch Šimíček,9,fw_jelikož,0.15375020119047436,0.15375020119047436,positive
Vojtěch Šimíček,10,fw_přitom,0.15292719848566455,0.15292719848566455,positive
Vojtěch Šimíček,11,fw_nikdo,0.1526716819450372,0.1526716819450372,positive
Vojtěch Šimíček,12,xpos2_RR--6----------_PDZS6----------,0.14738414833269317,0.14738414833269317,positive
Vojtěch Šimíček,13,fw_buď,0.14698149162811538,0.14698149162811538,positive
Vojtěch Šimíček,14,fw_rovněž,0.1320461065421979,0.1320461065421979,positive
Vojtěch Šimíček,15,pos2_ADP_ADV,0.12067902923608607,0.12067902923608607,positive
Vojtěch Šimíček,16,char3_ání,-0.11786636993616761,0.11786636993616761,negative
Vojtěch Šimíček,17,pos2_CCONJ_ADV,0.11763162684964305,0.11763162684964305,positive
Vojtěch Šimíček,18,fw_vůči,0.11592601388026083,0.11592601388026083,positive
Vojtěch Šimíček,19,fw_pouze,0.114954289644204,0.114954289644204,positive
Vojtěch Šimíček,20,xpos2_Db------------8_Z:-------------,0.1131347889362386,0.1131347889362386,positive
