doc_id,type_decision,formation,judge_rapporteur_name,predicted_author,max_probability,prob_rapporteur,norm_rapporteur,rapporteur_rank,top1_match,top3_match,prob_David Uhlíř,prob_Eliška Wagnerová,prob_Iva Brožová,prob_Ivana Janů,prob_Jan Filip,prob_Jan Musil,prob_Jiří Nykodým,prob_Jiří Zemánek,prob_Josef Fiala,prob_Kateřina Šimáčková,prob_Ludvík David,prob_Michaela Židlická,prob_Miloslav Výborný,prob_Pavel Varvařovský,prob_Radovan Suchánek,prob_Stanislav Balík,prob_Vladimír Kůrka,prob_Vladimír Sládeček,prob_Vojtěch Šimíček
ECLI:CZ:US:2023:4.US.1971.23.1,Nález,Fourth Chamber,Vojtěch Šimíček,Radovan Suchánek,0.1402108694465261,0.0021452544727118,0.052130605504577,9,0,0,0.0004228942964053,0.0005363255710507,0.0004143570452431,0.0092416430701688,0.0004777319018886,0.0370977059331247,0.0022017083986138,0.0005176753167716,0.0074183993410559,0.0001701995085701,0.0005501791295511,0.0008731326630048,0.0045954630364542,0.0002328371001203,0.1402108694465261,0.0021728905540603,0.0002414028468035,0.0031679255776104,0.0021452544727118
ECLI:CZ:US:2023:3.US.3454.21.1,Nález,Third Chamber,Vojtěch Šimíček,Radovan Suchánek,0.9764329864582378,0.0166913563252772,0.0490735168472214,2,0,1,7.666865479637022e-05,0.0003474496440094,0.000238569376423,0.0145646444683406,0.001994763521,0.0030022641198888,0.0004778608090421,0.0002813593773518,0.0094477732551531,6.69408376001293e-05,0.0009445069263314,7.433891537137404e-05,0.0009041284319194,1.960999642944813e-05,0.9764329864582378,0.0058444269958406,0.0027660514314778,0.0075139448218117,0.0166913563252772
ECLI:CZ:US:2023:4.US.2421.23.1,Usnesení,Fourth Chamber,Vojtěch Šimíček,Josef Fiala,0.3550268134845065,0.0004502615587226,0.05114301584362,12,0,0,0.000118977059128,0.0016111946061729,0.0002530713389442,0.0015751141314853,0.0005820404299557,0.0034668959476257,0.000115139733827,0.0022526442996619,0.3550268134845065,8.544518061063095e-05,0.0010028103518615,0.0005020141855661,0.0003465182797106,0.0003810135050169,0.0728244124851343,0.0013042713108194,0.0002068379763116,0.0447726180032438,0.0004502615587226
ECLI:CZ:US:2023:4.US.1779.23.2,Usnesení,Fourth Chamber,Vojtěch Šimíček,Radovan Suchánek,0.096212379448788,0.0073190482495379,0.0525703077949065,5,0,0,0.0007297299127041,0.0006181895245262,0.0016443531646667,0.0008129928247698,0.0007744253146045,0.0106539830888385,0.0006292743252417,0.0007695719528266,0.0174073311214969,0.0007164771944356,0.0013421295774205,0.0002066572816642,0.0013013467501297,0.0002617568736779,0.096212379448788,0.0019294945093525,0.0001348507999546,0.0133029779132849,0.0073190482495379
ECLI:CZ:US:2023:4.US.2019.23.1,Usnesení,Fourth Chamber,Vojtěch Šimíček,Radovan Suchánek,0.8362498155339501,0.0006186892342335,0.0490188928716332,10,0,0,0.0007386109957359,0.0002826517743374,0.0006042411719908,0.0449038616274966,0.000817029515803,0.0006023202868176,0.0005824958631829,3.510924550396907e-05,0.0192384314897658,0.0003646247681701,0.0008831423681727,0.0003485060721861,0.0091236167250152,9.190406127173194e-05,0.8362498155339501,0.0219302283658939,6.272893823950355e-05,0.0024995672400762,0.0006186892342335
ECLI:CZ:US:2023:4.US.1875.23.1,Usnesení,Fourth Chamber,Vojtěch Šimíček,Josef Fiala,0.3240315367970239,0.0003701009284909,0.0506081295950521,15,0,0,0.0004694078419151,0.0004908295747654,0.0002174057981321,0.0008926034000455,0.0006012262406978,0.0008617928827139,4.006096036768108e-05,0.0001950805054032,0.3240315367970239,0.0004455354364087,0.0025128188588048,0.000444358552651,0.0050428566228069,0.0007434833026125,0.3103916267429774,0.0001982353072771,0.0014649909998643,0.0053118473552518,0.0003701009284909
ECLI:CZ:US:2023:4.US.1827.23.1,Usnesení,Fourth Chamber,Vojtěch Šimíček,Josef Fiala,0.7463281088092919,0.0002177828501982,0.0495878743515622,14,0,0,0.0001392508006922,0.0024572460018813,0.0005874839443861,0.000129835801437,0.0008205773484447,0.0021360592089066,0.0001965803481816,0.0002836210331761,0.7463281088092919,0.0001145497604151,0.0003211656883799,0.0007266436757011,0.0017599105574923,0.0003835514656737,0.0430019639076384,0.001637141819776,0.0001772823661339,0.0053197708800298,0.0002177828501982
ECLI:CZ:US:2023:2.US.3447.21.1,Nález,Second Chamber,Ludvík David,Ludvík David,0.183441366106006,0.183441366106006,0.0616803113044857,1,1,1,0.0615064614900551,0.0008247740510154,0.000583225477083,0.0019510375277633,0.0004257415395945,0.0278613704999647,0.0016060679027704,0.0297158037932797,0.0038022399597881,0.0040326684873082,0.183441366106006,0.001623810543282,0.0011991770821408,8.927150054561724e-05,0.0126140603717211,0.0002478429153463,0.0003730115368362,0.1171325979850836,1.361236141346487e-05
ECLI:CZ:US:2023:Pl.US.22.22.1,Nález,Plenum,Vladimír Sládeček,Ivana Janů,0.6489315915223302,0.0047313528657246,0.049736514108949,7,0,0,0.0003358540839357,0.0006301514669666,0.0011199183485697,0.6489315915223302,9.385683743297776e-05,0.0048145003966682,0.0010981737118992,0.0279290538031521,0.0036058115097755,0.0903630444671923,0.001373478899948,0.0003552394563417,0.0001552133868837,0.0005919231193683,0.101317588585335,0.0015352954914275,0.0001010682120023,0.0047313528657246,0.0370199495070731
ECLI:CZ:US:2023:3.US.2953.22.1,Usnesení,Third Chamber,Jiří Zemánek,Josef Fiala,0.1017835303073627,0.0003980972778575,0.0519924725451349,14,0,0,0.000783134810655,0.0003231856706061,0.0020770174848373,0.008716326065017,0.0001015786284025,0.0284069455721673,0.0036418532394878,0.0003980972778575,0.1017835303073627,0.0003694909819857,0.0334697734770107,0.000890205451069,0.0009746242824488,9.471833264170283e-05,0.0297932206266476,0.008035262139316,0.0002042041393183,0.0136091912839242,0.0005833246960203
ECLI:CZ:US:2023:2.US.2533.20.1,Nález,Second Chamber,David Uhlíř,Ivana Janů,0.1054984303853493,0.0006311748810606,0.051760427124534,13,0,0,0.0006311748810606,0.0033658326033566,0.0001794188967373,0.1054984303853493,0.0002710684591295,0.0241738908769672,0.0051387710981541,0.0021823891816093,0.0006125664629814,0.0911567326768914,0.0459679641099561,0.00130822206456,0.0003168509643053,0.0004248036338291,0.0078059708893513,0.0114294226011703,3.3332196513848073e-05,0.0033654127198292,0.0164368358502235
ECLI:CZ:US:2023:Pl.US.92.20.1,Nález,Plenum,Jan Filip,Vojtěch Šimíček,0.9949949260869672,0.0086883781033779,0.0481789753866215,7,0,0,0.0005048438256188,0.0017271494540157,0.0004074882782519,0.0112999036585278,0.0086883781033779,0.0016907672993393,0.000580585681101,0.0005765822049817,0.000355279861284,0.1371711808806389,0.0013895167569715,0.0002048497777924,0.0001695055476975,0.0003224842160926,0.0097616639545433,0.0175401883493881,0.0003300472896401,0.0290434483011278,0.9949949260869672
ECLI:CZ:US:2023:3.US.2329.21.1,Nález,Third Chamber,Radovan Suchánek,Stanislav Balík,0.9728452616405464,0.1615942976535529,0.0560400555829237,2,0,1,0.0001467124882146,0.0026670705314421,6.040878531984576e-05,0.0715042642288558,0.0001537483182635,0.0003243182330908,0.0005044114939421,0.0015357420427704,0.013786210080022,0.0007962010391169,0.0013719327230424,0.0002096534245951,0.000205892715583,9.649927946412948e-05,0.1615942976535529,0.9728452616405464,0.0027145720780923,0.0188625216672582,0.0346892434882507
ECLI:CZ:US:2022:3.US.3110.22.1,Usnesení,Third Chamber,Vojtěch Šimíček,Jan Filip,0.8370854102579975,0.0002053452300299,0.0490500810572294,15,0,0,0.0009654975905864,0.00106705174896,0.0003094498045195,0.0006435633636714,0.8370854102579975,0.0007555911152232,0.0001142061342547,0.0003245938656531,0.0575674151972798,0.0003731802474464,0.0001844692994515,6.813720731324355e-05,0.0001046150616573,0.0003899575390611,0.0104160115571391,0.0021168778424131,0.0006677575694477,0.0038583056379331,0.0002053452300299
ECLI:CZ:US:2022:3.US.2951.22.1,Usnesení,Third Chamber,Vojtěch Šimíček,Jan Filip,0.9060809227431782,0.0003360457459365,0.0486598322586659,13,0,0,0.0005848391021995,0.0007782624133518,0.0002774521630716,0.0007174571266252,0.9060809227431782,0.000727349973274,0.0001456404994946,0.000454431211165,0.0524160700603969,0.0003651156692592,0.0002396697702487,6.853999635158324e-05,5.728038616577001e-05,0.0002772514631942,0.0144695629271027,0.0021374105473805,0.0011154038268848,0.0064370374206269,0.0003360457459365
ECLI:CZ:US:2022:3.US.2746.22.1,Usnesení,Third Chamber,Jiří Zemánek,Jan Filip,0.8454535610827962,0.0004759061295463,0.0490483789583468,11,0,0,0.0005294567309294,0.0009947453872285,0.0002731004750213,0.0008845071597568,0.8454535610827962,0.0008865150119626,0.0001592483263631,0.0004759061295463,0.0444425259448955,0.000341731029033,0.0003706252475457,0.0001003569056239,9.728799624492712e-05,0.0002599647971252,0.0098040952664628,0.0021905667723003,0.0008003180701369,0.0047851489815001,0.0002421491997211
ECLI:CZ:US:2022:3.US.2686.22.1,Usnesení,Third Chamber,Jiří Zemánek,Jan Filip,0.8481477842767344,0.000451174499653,0.0490443217624476,11,0,0,0.0005244169796265,0.0010663721131069,0.0002833078362905,0.0009487680808248,0.8481477842767344,0.0009035047808257,0.0001569602205876,0.000451174499653,0.0413737955938773,0.0003743386251936,0.0004103676734629,9.654774663053154e-05,9.386572355121404e-05,0.0002581228982676,0.0079219605674155,0.0019742447488414,0.0008297610694473,0.0047645232747152,0.0002573749789232
ECLI:CZ:US:2022:3.US.2142.22.1,Usnesení,Third Chamber,Ludvík David,Jan Filip,0.8266323086274079,0.0004538057887244,0.0492050350451335,12,0,0,0.000650619287947,0.0007516099562464,0.000233714432697,0.0007068612476977,0.8266323086274079,0.000983649861551,0.0001866392863841,0.0005788656713557,0.0256985770919148,0.0004209275651804,0.0004538057887244,0.0001284097771839,0.0001353177297477,0.0003884901694088,0.0074611970166282,0.0024721226043655,0.0007182126656386,0.0041166737415159,0.0002795027195141
ECLI:CZ:US:2022:3.US.2154.22.1,Usnesení,Third Chamber,Ludvík David,Jan Filip,0.829979679856172,0.000444090113273,0.0491867784144186,12,0,0,0.0005868063465109,0.0007930276370398,0.0002447535471913,0.0007368893180759,0.829979679856172,0.0010032064675408,0.000191971067555,0.0007239452872959,0.0249383295600957,0.0004371034348198,0.000444090113273,0.0001295314311561,0.0001341279756665,0.0003408049974897,0.0078642575970746,0.0026959974688837,0.0007721077381609,0.0037580331502455,0.0002728200229794
ECLI:CZ:US:2022:3.US.2699.22.1,Usnesení,Third Chamber,Ludvík David,Jan Filip,0.8456941925352978,0.0003554044141106,0.0490532117409256,13,0,0,0.0005089353696024,0.0010181027509915,0.0002956913565246,0.0009291178735796,0.8456941925352978,0.00086680625961,0.0001476978078761,0.0004376543331061,0.0421653684444228,0.0003571282094625,0.0003554044141106,0.0001009366699073,8.834033915942004e-05,0.0002912288430877,0.0066204555197956,0.0018851110468067,0.0008649208261627,0.0055009414758007,0.0003005813957769
ECLI:CZ:US:2022:3.US.2747.22.1,Usnesení,Third Chamber,Ludvík David,Jan Filip,0.8476749129581493,0.0004431549446702,0.0490505916366614,11,0,0,0.0005191779588979,0.001082661007277,0.0002621029997136,0.0009077079870743,0.8476749129581493,0.0008117386440573,0.0001411382592726,0.0004083912475546,0.0416143481538936,0.0003683582102753,0.0004431549446702,9.670160720210126e-05,9.69074145510338e-05,0.0002830985999758,0.0056600819654927,0.001604851324661,0.0008558165564611,0.0056084226988257,0.0002593202773487
ECLI:CZ:US:2022:3.US.2930.22.1,Usnesení,Third Chamber,Ludvík David,Jan Filip,0.8490050041076947,0.0004087608505386,0.0490366101531017,11,0,0,0.0006004876130283,0.0010090304368753,0.000258374619138,0.000970324613364,0.8490050041076947,0.000845123607331,0.0001689411461742,0.0003400878263779,0.0418457897253373,0.0003300062586823,0.0004087608505386,9.6020505148394e-05,9.997787743802534e-05,0.0002940725836345,0.0078445188825255,0.0020332789718126,0.0007472899102269,0.0048624654485949,0.0002549239028142
ECLI:CZ:US:2022:3.US.2943.22.1,Usnesení,Third Chamber,Ludvík David,Jan Filip,0.8446782154273779,0.0004004058865082,0.049068463595821,11,0,0,0.0005675932561117,0.0010825409346055,0.0002755624584732,0.0009777382927984,0.8446782154273779,0.0008418766114109,0.0001511122811889,0.0003475150083493,0.0391149099563431,0.000345171289974,0.0004004058865082,9.295204687341776e-05,9.451041137717342e-05,0.0002968488998372,0.0074038503554358,0.0016875201428232,0.0008758861480371,0.004993251840586,0.0002533945883341
ECLI:CZ:US:2022:4.US.2296.22.2,Nález,Fourth Chamber,Radovan Suchánek,Jan Filip,0.7148948260179312,0.2125546896453845,0.0608909389239083,2,0,1,0.0002817534487065,0.003341430036392,0.0003035040885609,0.0002649940774232,0.7148948260179312,0.0008571152069054,0.0005468218897994,0.0070529886165799,0.0098250864083334,0.0004601245266238,0.0003035383169632,0.0002392657310013,0.0001557727841573,0.0004381115482121,0.2125546896453845,0.0033679073274045,0.0002421126840022,0.0021832850448717,0.0015208414667511
ECLI:CZ:US:2022:3.US.1908.22.1,Usnesení,Third Chamber,Jiří Zemánek,Jan Filip,0.8828812214645206,0.0006991908815621,0.048888653362478,8,0,0,0.0004401759799533,0.0006952686171433,0.0002782942412513,0.000603066518643,0.8828812214645206,0.0010377995770407,0.0001886363255581,0.0006991908815621,0.0280069420834908,0.0003054116069256,0.000459023098913,0.0001429097388166,0.0001212261588373,0.0001872775684394,0.0076131006010545,0.0021650053857363,0.0010476399884663,0.0065323933251399,0.0001205109955202
ECLI:CZ:US:2022:3.US.2092.22.1,Usnesení,Third Chamber,Jiří Zemánek,Jan Filip,0.8871658378846564,0.0007391290544316,0.048878157639026,8,0,0,0.0004171290281514,0.0006797526013474,0.0002933936882347,0.0006527617133191,0.8871658378846564,0.0010327836527886,0.0001683890755278,0.0007391290544316,0.023805734953989,0.000399307568126,0.0004586044362717,0.0001229323489032,0.0001219443720807,0.0002034048095805,0.0066793433957336,0.0017786462073828,0.0010490705340365,0.00684973598729,0.0001385491085876
ECLI:CZ:US:2022:3.US.2128.22.1,Usnesení,Third Chamber,Jiří Zemánek,Jan Filip,0.8215026266232991,0.0006901460005993,0.0492076671668921,9,0,0,0.000554170428158,0.0006330193895946,0.0002460826030896,0.0007381132266634,0.8215026266232991,0.0012661908013034,0.0001550671519483,0.0006901460005993,0.033951599766356,0.000406562600543,0.0004811306007578,0.0001444330607136,0.0001587423807309,0.0001805277292864,0.0105931736453544,0.0021606254879663,0.0009425977715051,0.0080489816762968,0.00012461031498
ECLI:CZ:US:2022:3.US.2141.22.1,Usnesení,Third Chamber,Jiří Zemánek,Jan Filip,0.8879707257961396,0.0005550167308753,0.0488574392732143,10,0,0,0.0004741083446938,0.000616813509675,0.0002692564285117,0.0006641894710836,0.8879707257961396,0.0010156613499838,0.0001821874597535,0.0005550167308753,0.0256754567347885,0.0003280110852902,0.0004571137709756,0.0001328988635526,0.0001406101980006,0.0002030708076489,0.0081838980534846,0.0021805375740338,0.0008633428661025,0.0064104370246216,0.0001385997434615
ECLI:CZ:US:2022:3.US.2300.22.1,Usnesení,Third Chamber,Jiří Zemánek,Jan Filip,0.8880503212395698,0.0005729121917793,0.0488661166915948,10,0,0,0.0004638452575454,0.0006650495974188,0.0002852166940542,0.0006784571162258,0.8880503212395698,0.0010158197349479,0.000165085156911,0.0005729121917793,0.023451300595857,0.0003748264581327,0.0004610650417718,0.0001219222505701,0.000135099044465,0.0002022097541963,0.0067197856159302,0.0016136330455808,0.0009639969719118,0.0070632330210731,0.0001369236965432
ECLI:CZ:US:2022:3.US.2386.22.1,Usnesení,Third Chamber,Jiří Zemánek,Jan Filip,0.8763611113213351,0.0007538934160902,0.0489328313636517,9,0,0,0.0004419585073009,0.0006996663177311,0.0002597767349067,0.0007673220725005,0.8763611113213351,0.0011344378725928,0.0001881226162742,0.0007538934160902,0.0255795538073787,0.0004421879241213,0.0005106697420547,0.0001327228316503,0.0001538435858673,0.0001676244046513,0.0082426949875764,0.0023875659754161,0.0008080970019047,0.0062521317958619,0.0001358450607015
ECLI:CZ:US:2022:3.US.1909.22.1,Usnesení,Third Chamber,Ludvík David,Jan Filip,0.8868700662639509,0.0004486326714415,0.048858372703805,12,0,0,0.0004737451504019,0.0006609020818581,0.00026830419428,0.0006203342257036,0.8868700662639509,0.0010676261423409,0.0001713712819117,0.0005868439042412,0.0258222036125241,0.0003250677312886,0.0004486326714415,0.0001285152935887,0.0001356058043888,0.0002041610688564,0.0077530986963971,0.0020306078811939,0.0009015508187847,0.0068463175847951,0.0001468639316176
ECLI:CZ:US:2022:3.US.1922.22.1,Usnesení,Third Chamber,Ludvík David,Jan Filip,0.887287119095418,0.0004954755824706,0.0488603245162389,11,0,0,0.0004370935584634,0.0006858212510961,0.0002929148564039,0.0006522696207061,0.887287119095418,0.0009995686798088,0.000173469690234,0.0007682985600986,0.0250799962998772,0.0003872851380029,0.0004954755824706,0.000126846796372,0.0001092503665721,0.0001940157006634,0.007460348882763,0.0018237472458915,0.0010827709597576,0.0068396872408623,0.0001329847175739
ECLI:CZ:US:2022:3.US.2276.22.1,Usnesení,Third Chamber,Ludvík David,Jan Filip,0.883488949724784,0.0004297085893503,0.0488769606200137,11,0,0,0.0004182000452615,0.0006421693379816,0.000296467525123,0.0006731479862017,0.883488949724784,0.0009558698622199,0.0001740015016907,0.0007499842422628,0.0251101068366362,0.0003174613574323,0.0004297085893503,0.0001425918749447,0.0001326960632943,0.0001985173201054,0.0091314229966618,0.0024150048666782,0.0009617090196173,0.0057488920503497,0.0001258163722402
ECLI:CZ:US:2022:3.US.2289.22.1,Usnesení,Third Chamber,Ludvík David,Jan Filip,0.8759448219653584,0.0004909143961869,0.0489229095861667,11,0,0,0.0004216547954641,0.0006816958872832,0.0002825314136913,0.0007887700018436,0.8759448219653584,0.0009890995223224,0.0002037053372033,0.0006526438557224,0.0253294360081002,0.0003238365491709,0.0004909143961869,0.0001435875297535,0.0001414352061166,0.0001879133464576,0.0083432681240341,0.0027068249372162,0.0009000466523416,0.0060969218195244,0.0001485062509995
ECLI:CZ:US:2022:3.US.2301.22.1,Usnesení,Third Chamber,Ludvík David,Jan Filip,0.8892854966316537,0.0004469577246738,0.0488509843182098,11,0,0,0.0004172063270139,0.0006647639810877,0.0002988326307561,0.0006193017334346,0.8892854966316537,0.0009995303427691,0.0001591641494396,0.0008271827615644,0.0241415780956305,0.0003915847005794,0.0004469577246738,0.0001281340027945,0.0001182814150865,0.0002137752585476,0.0067317681248644,0.0017884433633693,0.0010035314267816,0.0067519179937467,0.0001326825356671
ECLI:CZ:US:2022:3.US.2387.22.1,Usnesení,Third Chamber,Ludvík David,Jan Filip,0.8735178330497716,0.0004836539130317,0.0489346264922362,11,0,0,0.0004500407273865,0.0006731280351314,0.000283671953212,0.0008010869589471,0.8735178330497716,0.0010796978148245,0.0002168325254987,0.0006732178167274,0.0263156249544261,0.0003554024355184,0.0004836539130317,0.0001464275492605,0.0001485741678992,0.0001887568790982,0.0085608340290924,0.0023440137586088,0.0007847965338647,0.00593045217031,0.000146222837075
ECLI:CZ:US:2022:Pl.US.3.22.1,Usnesení,Plenum,Ludvík David,Radovan Suchánek,0.9707821960109384,0.0003278504471701,0.0483151237912279,14,0,0,0.0007345645334506,0.0015611329800393,0.0005227718748383,6.447240814444546e-05,0.0017958152975753,0.0010776315151355,8.181302120972466e-05,0.0101193015294676,0.0427874816756375,7.952451559121021e-05,0.0003278504471701,0.0002103917442379,0.0001822960618129,0.0007469877326584,0.9707821960109384,0.0012207824508426,0.000463738361598,0.0005085407154203,0.0007605228890769
ECLI:CZ:US:2022:3.US.2126.22.1,Usnesení,Third Chamber,Vojtěch Šimíček,Jan Filip,0.9411253202133042,0.0002296186921004,0.0485524378910785,13,0,0,0.0007401959455593,0.0006291760821456,0.0002092345020547,0.0002113422122685,0.9411253202133042,0.0004750297748262,0.0002264661101793,0.0006052622664947,0.0092820753000089,0.0002155520610736,0.0004442558054735,7.521376363190124e-05,0.0001043134962872,0.0004821186915544,0.01690465274457,0.0023214895517343,0.0006524410218686,0.0041461527746908,0.0002296186921004
ECLI:CZ:US:2022:3.US.2408.22.1,Usnesení,Third Chamber,Vojtěch Šimíček,Jan Filip,0.9457216918868586,0.0002225012549122,0.0485237675459287,15,0,0,0.0006808725174963,0.0005874887048882,0.0002242150425268,0.000211822261001,0.9457216918868586,0.0005393130245418,0.0002393760405303,0.0007880163175608,0.0091336102710338,0.0002140520319917,0.0004384822393632,7.599738189656478e-05,9.904727854940255e-05,0.0004859535211156,0.0168880550745132,0.0026391239683402,0.0006554022497772,0.0040508657044199,0.0002225012549122
ECLI:CZ:US:2022:3.US.2616.22.1,Usnesení,Third Chamber,Vojtěch Šimíček,Jan Filip,0.9327366942254124,0.000206339603398,0.0486061376878043,16,0,0,0.0006996720669301,0.000692304195675,0.0002152519653709,0.0002239082775808,0.9327366942254124,0.0004414897465704,0.0002726736864086,0.0007476894442706,0.009950145261369,0.000188621309754,0.0006048005448605,8.724085631169451e-05,8.713343037611213e-05,0.0003788614293303,0.0142670816602406,0.0025014737719933,0.0008185568275399,0.003777147922299,0.000206339603398
ECLI:CZ:US:2022:4.US.579.22.6,Nález,Fourth Chamber,Radovan Suchánek,Radovan Suchánek,0.530280404164563,0.530280404164563,0.0853631613554709,1,1,1,0.0001028112995646,0.003950916070055,0.000360929293607,0.0001241299050745,0.0704449805080383,0.0022745264783125,0.001133941909175,0.057981099490297,0.0480973376391999,0.0009917331889908,0.0009817622726868,0.0006844363552624,0.0001063535464777,0.0001306022158493,0.530280404164563,0.0094567683923833,0.0008906538535205,0.0029810423265795,0.002390101723347
ECLI:CZ:US:2022:3.US.377.20.2,Nález,Third Chamber,Vojtěch Šimíček,Radovan Suchánek,0.8867799047084626,0.1930528598332813,0.058588353704219,2,0,1,0.0005522356311427,0.0003430624599416,0.0002903926591042,0.003552350590501,0.0010831536347415,0.0025186325806656,0.0004128483254899,0.0003192820650137,0.0009862114421019,0.0047871634535926,0.001989190309091,0.0006789927793413,0.0005309139890075,0.0009661456093216,0.8867799047084626,0.0032277822076656,0.0006033557611174,0.0389774619364709,0.1930528598332813
ECLI:CZ:US:2022:4.US.699.22.2,Nález,Fourth Chamber,Josef Fiala,Jan Filip,0.1746838703847969,0.0081862135185558,0.0523350582435199,3,0,1,0.0005278531260959,0.000568619016232,0.0005228193029908,0.0076028250653235,0.1746838703847969,0.0029454887843069,0.0007676182421472,0.0014173111469022,0.0081862135185558,0.0008929286055846,0.0003761400839414,0.0001186886762467,0.0009027598748168,0.0001657264985656,0.0325842610653862,0.0074664437626317,0.0004217364822498,0.005396923022028,0.0023261584494463
ECLI:CZ:US:2022:4.US.1448.21.2,Nález,Fourth Chamber,Jan Filip,Radovan Suchánek,0.5040768779496032,0.001095441117956,0.049695443991216,11,0,0,0.0005109631473995,7.800830903803392e-05,4.00356022176332e-05,0.021962609475057,0.001095441117956,0.0057173703484272,0.0006275753775894,0.0016405631142798,0.3675068619728573,0.0002103564603521,0.0020817966391731,0.0001442833034147,0.0031066716779849,0.0005037914894977,0.5040768779496032,0.0012928110382289,0.0001019819154926,0.0039183706890785,0.0017264044328006
ECLI:CZ:US:2022:3.US.3006.21.1,Nález,Third Chamber,Vojtěch Šimíček,Radovan Suchánek,0.230578167177983,0.0725556248579569,0.0554247422316047,2,0,1,0.0001140842704775,0.002609636337678,0.0003777312419241,0.021881940944463,0.0003583042639883,0.001660653345502,0.0006856141805564,0.0004785511471241,0.0022804120846968,0.0073796358167709,0.0007609707928825,0.0005219551953233,0.0003724045382192,0.0003201673571206,0.230578167177983,0.020220615614124,0.0007921038971896,0.0043398681862738,0.0725556248579569
ECLI:CZ:US:2022:3.US.3190.20.2,Nález,Third Chamber,Vojtěch Šimíček,Radovan Suchánek,0.7681960547120175,0.0670645257066014,0.0527199970632405,2,0,1,0.0018399651009359,0.0003608322775296,0.0002417158313382,0.0045515242739022,0.0004557195584307,0.00542305459578,0.001210207814895,0.0010285001431543,0.0051967530765694,0.0014512474678003,0.0016120130543523,0.0004219940768967,0.0039582323999217,0.0001547208437406,0.7681960547120175,0.0209937172712418,0.00028072779252,0.0091145616498828,0.0670645257066014
ECLI:CZ:US:2021:1.US.3918.19.4,Nález,First Chamber,David Uhlíř,Jiří Zemánek,0.260752940690138,0.0064566122638212,0.0510107234514686,8,0,0,0.0064566122638212,0.0384505408488627,0.0003430971080903,0.000868246308134,0.0008590855371262,0.0022147163653751,0.0112349603819484,0.260752940690138,0.010232126147792,0.0026811380479804,0.0015621156627674,0.0041009039951172,0.0002742662390267,0.0002204276487241,0.0496949361464737,0.0124824631427839,0.0002039081042319,0.2535802600504831,5.112970484880906e-05
ECLI:CZ:US:2021:4.US.1204.21.1,Nález,Fourth Chamber,Jan Filip,Josef Fiala,0.2240525801472845,0.0012836678454834,0.0515895045118893,12,0,0,0.0001177165571514,0.0013403643300771,0.000218856128104,0.0039222224534982,0.0012836678454834,0.0074204305616795,0.0013090050350512,0.0014668069234653,0.2240525801472845,0.0360684852449708,0.0015146556885664,0.0004842173603197,0.0001094690175611,0.0012284644759856,0.0652130114903728,0.0008190414761625,4.118470173020981e-05,0.0065489798269209,0.0252271292778992
ECLI:CZ:US:2021:1.US.3179.18.2,Nález,First Chamber,David Uhlíř,Vladimír Sládeček,0.7950873306821133,0.0003139468626763,0.0487556316207537,17,0,0,0.0003139468626763,0.0003565597670235,0.0002515173002995,0.0120108003281603,0.0006958108858069,0.020284983283153,0.0010358903234927,0.0022047339995381,0.009295531092385,0.0061965591675136,0.0029092869666779,0.000888956321831,0.0012636741066832,0.0001606088091165,0.2118803845672183,0.002097926445217,0.0004410213114267,0.7950873306821133,0.0054808279797166
ECLI:CZ:US:2021:3.US.361.21.1,Nález,Third Chamber,Vojtěch Šimíček,Radovan Suchánek,0.7289021890240038,0.003425350098035,0.0498160652062308,7,0,0,0.0009439598954376,0.00296653025805,0.0005902784926931,0.001783336011407,0.0011905983394078,0.0051683446921797,0.0034877789343746,0.0076717362257664,0.0016812284024035,0.0005889523976687,0.0006209036926232,0.0015006800873925,0.0022847115194401,0.0002430915981837,0.7289021890240038,0.0035267317432959,0.0010465517337543,0.0306498113623231,0.003425350098035
ECLI:CZ:US:2021:2.US.2385.21.2,Nález,Second Chamber,Kateřina Šimáčková,Radovan Suchánek,0.0658983858115093,0.0022933057139394,0.0523996977852961,9,0,0,0.0008662476562821,0.0019708396049389,0.000442405620974,0.0056294144281259,0.0007857690877194,0.0079255419822804,0.00365272416698,0.0012999286908875,0.0006531535511544,0.0022933057139394,0.010710327443554,0.0094053663823881,0.000873919908257,0.0006318698824473,0.0658983858115093,0.0063853647652022,0.0010042027986497,0.0031904841250435,0.0018655990463894
ECLI:CZ:US:2021:3.US.1765.21.2,Nález,Third Chamber,Vojtěch Šimíček,Radovan Suchánek,0.6886801723936559,0.0461743440339884,0.0521181970796674,2,0,1,0.0001756201306697,0.0027478976275458,0.000180947222081,0.0182977027304335,0.0016175900045161,0.001465919896822,0.0021271568806953,0.0013100250273977,0.0021821057097294,0.0082019108474896,0.0001914958243443,0.0004209372800375,0.0019386213647945,0.0005166769824102,0.6886801723936559,0.0086002224233893,0.0001925277092407,0.0051070650264575,0.0461743440339884
ECLI:CZ:US:2021:3.US.2116.21.1,Nález,Third Chamber,Vojtěch Šimíček,Radovan Suchánek,0.4525510620151215,0.0230922136468775,0.0521479729737657,2,0,1,0.0004506386633126,0.0004284569859628,0.0002715649603042,0.0032527023878339,0.0003353318337928,0.0088147325220737,0.0030169027552525,0.0007969280411858,0.0006045530290383,0.0021137123820816,0.000978484101539,0.0010471464819577,0.0005315104917008,0.0023110046590712,0.4525510620151215,0.0004339661153851,0.0002531559229843,0.0027945842392016,0.0230922136468775
ECLI:CZ:US:2021:4.US.1664.21.1,Nález,Fourth Chamber,Jan Filip,Josef Fiala,0.2658101010772884,0.0007931292468621,0.0513403755260409,10,0,0,0.0003922695321253,0.0038327433505503,0.0003664960801264,0.0205905383787795,0.0007931292468621,0.0052034852838649,0.0015201295165893,0.0032257218515675,0.2658101010772884,0.0002827124665698,7.06931828003509e-05,0.0001422310928966,0.0004843501398605,7.203123640826914e-05,0.1220307671446491,0.0045561318269886,0.0006018308009851,0.0161613148456403,0.0003466986912127
ECLI:CZ:US:2021:4.US.2081.21.1,Nález,Fourth Chamber,Jan Filip,Josef Fiala,0.5198406040342671,0.0010239522506247,0.0504410335792029,12,0,0,0.0003826278695183,0.0029706386016524,0.0018383792015841,0.0058004365565893,0.0010239522506247,0.0037426111063216,0.0019780009565296,0.003916102697768,0.5198406040342671,9.079924606627304e-05,4.254599541997425e-05,0.0001397306517077,8.155119899508306e-05,1.936147923088916e-05,0.0968033449498204,0.0275211025706615,0.0014266692108461,0.0101566787471146,0.0004296754695205
ECLI:CZ:US:2021:4.US.677.21.1,Nález,Fourth Chamber,Jan Filip,Radovan Suchánek,0.1801193009542023,0.0018837779289588,0.0515341109512231,8,0,0,0.0002725446403786,0.000509294878739,8.796719860781798e-05,0.0114743941053876,0.0018837779289588,0.0155254698455347,0.0050722328952742,0.0032092918349658,0.1790927832444363,0.001118648315321,0.0011457415109697,0.0002544075793695,0.0011522637972784,0.0004189005125193,0.1801193009542023,0.0016377710761596,0.0001256401591029,0.0022422309228319,0.0013749634673118
ECLI:CZ:US:2021:3.US.3339.20.1,Nález,Third Chamber,Vojtěch Šimíček,Vojtěch Šimíček,0.2213157811727834,0.2213157811727834,0.0640843675876466,1,1,1,0.0021892314658903,0.0020612072507415,0.0001398466514527,0.0420433903433352,0.0034681046920152,0.0036900316128677,0.0017010828270409,0.001634643168487,0.0001830884895929,0.0616732263359697,0.0008017302004335,0.0007370871288722,0.0014259825681941,0.0007204773912942,0.0389102446880155,0.0452361065984951,0.0002012156511906,0.0106611926464744,0.2213157811727834
ECLI:CZ:US:2021:3.US.2269.20.1,Nález,Third Chamber,Jiří Zemánek,Radovan Suchánek,0.6202330015471933,0.0330324170895189,0.0514900155487359,5,0,0,0.0006846377006455,0.0002730998162157,0.000337581896963,0.0637075252221763,0.0002618118548566,0.0031414550846965,0.0013160709327924,0.0330324170895189,0.0421848223626019,0.0023612084434499,0.0038476619988343,0.000550739241659,0.0006230899410878,0.000100809468076,0.6202330015471933,0.0037759686462278,0.0006497277191028,0.0513894253070641,0.00099044622235
ECLI:CZ:US:2021:Pl.US.13.21.1,Usnesení,Plenum,Radovan Suchánek,Radovan Suchánek,0.944042970013022,0.944042970013022,0.1233341308041953,1,1,1,2.1470185393439112e-05,0.0087080322298218,0.0013223804973442,0.0005379482033827,0.000283028492354,0.0068379670241237,0.0001493877650765,0.0171439520039026,0.1959303383630679,0.0001529358739359,0.0038941087379927,0.000356181874466,1.2321566529832008e-05,7.958358285971932e-05,0.944042970013022,0.0030475877880352,0.0081099609589167,0.0023175072784755,0.0005322782284397
ECLI:CZ:US:2021:3.US.2498.19.2,Nález,Third Chamber,Jiří Zemánek,Radovan Suchánek,0.0946148738887204,0.0275388557558882,0.0534243941742922,3,0,1,0.001401378562506,0.0021207592290616,0.0008169986334235,0.066973055178323,0.0003889275793283,0.0021424564038061,0.0024790257967948,0.0275388557558882,0.0257206072033357,0.0009129359498424,0.0005786947338689,0.0011145825883192,0.0003833847650231,0.0003524476235685,0.0946148738887204,0.0009597127046668,0.0001285950314804,0.003737505466562,0.0006644698159645
ECLI:CZ:US:2021:3.US.61.21.2,Nález,Third Chamber,Radovan Suchánek,Radovan Suchánek,0.3699739079274249,0.3699739079274249,0.0726396672065176,1,1,1,0.0002005666295834,0.001962516930826,0.0031106605416899,0.0023691879288925,0.0003794246973702,0.0011677871030337,0.0035424279132402,2.6188846483259843e-05,0.0105353315644325,0.0002094954065806,9.47869873559102e-05,0.0032641752981962,0.0023565931342388,0.0003129881698998,0.3699739079274249,0.0385974543780543,0.0005891052955032,0.0029520587132883,0.3433282270124361
ECLI:CZ:US:2021:3.US.1773.19.1,Usnesení,Third Chamber,Jiří Zemánek,Josef Fiala,0.8401279419812847,0.0037072706065615,0.0490816598684544,7,0,0,0.0003186567255079,0.0091181602506484,0.0144352433639423,0.0020236449261502,0.0003462133837985,0.0548353308567907,0.0004771618848674,0.0037072706065615,0.8401279419812847,1.6596343752200863e-05,0.0001139989455765,4.176813729147307e-05,0.0001820344501214,0.0002171558721365,0.0022165110067974,0.0359039453435167,0.0001249744294319,0.0067272803568788,4.827840305604636e-05
ECLI:CZ:US:2021:3.US.2325.19.1,Nález,Third Chamber,Radovan Suchánek,Jiří Zemánek,0.6877950452814535,0.0561643059392128,0.0526031452678301,2,0,1,0.0008306603402927,0.0023382178169346,0.001615289107224,0.0049242337699433,0.0003037316064081,0.0009337963983474,0.0070795972780671,0.6877950452814535,0.0064175800418446,0.0008377113058468,0.0006571614188851,0.0008539988685031,0.0002332925222323,0.0004294889966932,0.0561643059392128,0.003247067860726,0.000690622970584,0.0286140085939268,0.0009359722453113
ECLI:CZ:US:2021:3.US.2171.17.5,Nález,Third Chamber,Radovan Suchánek,Jiří Zemánek,0.2596583991204763,0.0379518693485806,0.0535203612684879,2,0,1,0.0002249182480629,0.0012116399730471,0.0010674395230686,0.0220843844841905,0.0008984496771753,0.0050164264734623,0.0017455865727999,0.2596583991204763,0.0034448234114035,0.0053001473808629,0.0023032977675316,0.0154065973706139,0.0004629780087231,0.0001453003945367,0.0379518693485806,0.0035164972075296,0.0024358454285959,0.0055291594281701,0.0008262402065379
ECLI:CZ:US:2021:3.US.3804.19.1,Nález,Third Chamber,Radovan Suchánek,Jiří Zemánek,0.90179400947807,0.5648441601753063,0.0824472112187198,2,0,1,0.0007525159836578,0.0008578175454428,0.0001819430198744,0.0250298413155148,0.0004877428215837,0.0004588267337411,0.0029982459218303,0.90179400947807,0.0402117439427315,0.0002870067555693,0.0004651613729158,0.0008222050260924,0.0039021163548316,5.109863501100771e-05,0.5648441601753063,0.0013413354519549,0.0001759612339621,0.034008539576139,9.295668016404298e-06
ECLI:CZ:US:2020:3.US.2039.20.1,Usnesení,Third Chamber,Radovan Suchánek,Radovan Suchánek,0.1875728659665376,0.1875728659665376,0.0620905523866063,1,1,1,0.0005091560924106,0.000602457732147,0.0004135479976701,0.0003746132313773,0.0002919835044532,0.0002666105038143,0.0011727490155235,0.0242265114512511,0.1661265290711829,6.763990063131995e-05,0.0032757826615325,0.002162045142353,0.0058135721319416,0.0001064681360858,0.1875728659665376,0.0009713558327217,4.732781755052739e-05,0.0006077488469401,9.612436691320608e-05
ECLI:CZ:US:2020:Pl.US.24.19.1,Nález,Plenum,Kateřina Šimáčková,Radovan Suchánek,0.3085376348848913,0.0607472512028722,0.0543639280471838,2,0,1,0.0001956031951935,0.0022787252661152,0.0008191580651609,0.0391857719621165,0.0013322947768751,0.0016723114351901,0.003902329965732,0.0090662732669761,0.0006164471893222,0.0607472512028722,0.0049690444105783,0.0040483895626017,0.0002180369539812,9.726395318696292e-05,0.3085376348848913,0.0015023356333138,0.0015085826497004,0.0059416745632489,0.0433624584202571
ECLI:CZ:US:2020:3.US.1889.20.1,Nález,Third Chamber,Vojtěch Šimíček,Radovan Suchánek,0.953359695772502,0.0648536900474735,0.0515472374569124,2,0,1,0.0003764500218222,0.0001966813988154,0.000290532261603,0.0009708457979767,0.0006221612888473,0.0044870893184697,0.0024542513804692,0.0005184903873561,0.0032341466204858,0.0009424354369944,0.0017603415697843,0.0008514854081204,0.0005881054267237,0.00070303895244,0.953359695772502,0.0086366094022464,0.0006984359780387,0.0106545297863034,0.0648536900474735
ECLI:CZ:US:2020:Pl.US.10.17.1,Nález,Plenum,Radovan Suchánek,Kateřina Šimáčková,0.622650897720659,0.020152104711293,0.0500476801427035,4,0,0,0.0003266193051069,0.0032098381815501,9.983854332378168e-05,0.0158306363324752,0.0024010831564104,0.0121958724995259,0.0009246040505337,0.0077265731344581,0.0013693405799965,0.622650897720659,0.0145400934558996,0.0010660846229722,0.0022755013691384,8.402050585387422e-05,0.020152104711293,0.0142567444777092,7.278834601026895e-05,0.0294898001409217,0.3341193195444966
ECLI:CZ:US:2020:3.US.2410.18.1,Nález,Third Chamber,Radovan Suchánek,Jan Musil,0.0277849752427225,0.0039613539122492,0.0525461892101958,7,0,0,0.0007538362574976,0.0034082564761503,0.0007265303393967,0.0206697767843518,0.0007420106823916,0.0277849752427225,0.0073948138317744,0.001048592336429,0.0069632425821973,0.0023783708625556,0.001777919418528,0.0007512886563527,0.0005506014603404,0.0009263241616328,0.0039613539122492,0.0069619554146503,0.0001722673035741,0.002331953185612,0.0162723965497973
ECLI:CZ:US:2020:3.US.22.20.2,Nález,Third Chamber,Vojtěch Šimíček,Radovan Suchánek,0.666571987452867,0.0045497625857121,0.0502589789325862,3,0,1,0.0004748486628778,0.0007191430601555,0.000250734794432,0.0109932895042203,0.0004264127481219,0.0042946023363564,0.0020996503038689,0.0020792403087671,0.0011726786617358,0.0036977716678844,0.0003994647147176,0.0005698913589763,0.0017068246987208,0.0011711464362086,0.666571987452867,0.0009883586096313,0.0002069107359054,0.004220007098878,0.0045497625857121
ECLI:CZ:US:2020:3.US.3657.19.1,Nález,Third Chamber,Radovan Suchánek,Radovan Suchánek,0.238157378175273,0.238157378175273,0.0656472409839592,1,1,1,0.0006731462201748,0.0029456947418021,0.0012304877000678,0.0084809255990153,0.0002278026076928,9.32499759559995e-05,0.0010711108744173,0.0109398696505654,0.0075804931837552,0.0001493377042384,0.0001680654586065,0.0005171435736198,0.0009997969778457,0.0001966123749814,0.238157378175273,0.0234234475704886,0.0005486723067827,0.0004176447260491,0.0002227701729155
ECLI:CZ:US:2020:3.US.1121.20.1,Nález,Third Chamber,Vojtěch Šimíček,Radovan Suchánek,0.8782813738258075,0.0178422786187998,0.049747451545598,2,0,1,0.0009606373205378,0.0008793072088812,0.0002109939822468,0.0071514702363461,0.000796979643491,0.0005086621993297,0.0046579768067846,0.0001124681266107,0.002603767987221,0.0005570293644849,0.0017015771471466,0.0004277183481803,0.0027948962538879,7.800815760595296e-05,0.8782813738258075,0.0031568524963217,0.0002364424822314,0.0116906401441209,0.0178422786187998
ECLI:CZ:US:2020:3.US.4121.18.1,Nález,Third Chamber,Radovan Suchánek,Radovan Suchánek,0.2112737169798272,0.2112737169798272,0.0635734403982249,1,1,1,0.0003361170239451,0.0003789621279625,0.0001245461309385,0.049429145538754,0.0003048504146636,0.0043995005387455,0.0010585384412439,0.1088280693162459,0.0042776542749831,0.0033246061624532,0.0034089301332485,0.0003891338152064,0.0014929424388477,0.0002407803691106,0.2112737169798272,0.0013336241974734,0.0002733295558633,0.0074027579582053,0.0005913347482117
ECLI:CZ:US:2020:3.US.2707.18.2,Nález,Third Chamber,Radovan Suchánek,Vladimír Sládeček,0.2850555016144347,0.253820038506192,0.0647536495635241,2,0,1,0.0002510812836027,0.0002014759267546,0.0001599854375075,0.0737541753611552,0.0006324820381988,0.0165450790661881,0.0016243055827103,0.126291334584573,0.0080741494721648,0.0311053008898919,0.0025563614237137,0.0003143527121843,0.0010943453890708,6.007826065070555e-05,0.253820038506192,0.0060113672021146,0.0006108492538146,0.2850555016144347,0.0054153077536533
ECLI:CZ:US:2020:4.US.797.20.2,Nález,Fourth Chamber,Jan Filip,Radovan Suchánek,0.0606825620088795,0.0012449976210617,0.0523356489322536,13,0,0,0.0021343150229917,0.0003422657213862,0.0003097513194579,0.0239938581519191,0.0012449976210617,0.0034285975337668,0.0037061552529401,0.0002758530218508,0.0028891056561875,0.0021942089858034,0.0004148052370664,0.0007458630412426,0.0018302513838513,0.0013608535699344,0.0606825620088795,0.0152820748306785,4.6675099467891446e-05,0.0026492640413014,0.0053768284033297
ECLI:CZ:US:2020:3.US.1211.20.1,Usnesení,Third Chamber,Vojtěch Šimíček,Ivana Janů,0.931405329447606,0.0207521241370999,0.0494334612356868,4,0,0,0.0010441982408803,0.0001184738466478,0.0003839290761686,0.931405329447606,0.000380467821514,0.023328629390572,0.0018325411773249,3.775523293014991e-05,0.0014534210230505,0.0025609097979792,0.0001026400656858,0.0001918260189509,0.0010340846069373,0.0002141043632021,0.0070065055809673,0.0528672425192686,1.101792718949162e-05,5.917632887486833e-05,0.0207521241370999
ECLI:CZ:US:2020:3.US.124.20.1,Nález,Third Chamber,Vojtěch Šimíček,Radovan Suchánek,0.8159678616467704,0.0071123828690206,0.049597920528609,3,0,1,0.0003968035520803,0.00054476910273,0.0003560424566839,0.0005559986043252,0.0018122417084016,0.0014062045983226,0.0005633776588186,0.000688335567426,0.0226513031554678,0.0002425460681106,0.0006997693174818,0.0003634236562111,0.0009874347258609,0.000167908058119,0.8159678616467704,0.001815354268669,0.0002571458587285,0.0037663345491764,0.0071123828690206
ECLI:CZ:US:2020:3.US.1283.17.1,Nález,Third Chamber,Radovan Suchánek,Jan Musil,0.0828928387859634,0.0125942169608786,0.052714151701406,5,0,0,0.0027257580337013,0.0003649249195717,7.865888090567605e-05,0.0160381149564215,0.0011372165906314,0.0828928387859634,0.001379086126723,0.0256224535416951,0.012200406521338,0.0024849078800234,0.0046372073572824,0.0003313737904721,0.0059828190459598,8.078806394441411e-05,0.0125942169608786,0.0012120586915394,4.143349734648705e-05,0.0350012625493154,0.0010529386754187
ECLI:CZ:US:2020:3.US.450.20.1,Nález,Third Chamber,Vojtěch Šimíček,Radovan Suchánek,0.8786593299373383,0.0223106780160678,0.0499458096689644,2,0,1,0.0002738575597557,0.0002107336548855,0.0002581407406096,0.0026922401002903,0.0036837241237015,0.002713745415287,0.0005348356851134,0.0046469269082645,0.000250521116363,0.0001203819511455,0.0011318641424451,0.0012766680603392,0.0042889638095695,0.0002011877572731,0.8786593299373383,0.0121337254106468,0.0030142316308423,0.0056246642137014,0.0223106780160678
ECLI:CZ:US:2020:3.US.149.20.2,Nález,Third Chamber,Vojtěch Šimíček,Radovan Suchánek,0.7985210571347925,0.0071279166626433,0.0496764896576629,5,0,0,0.0001453999441664,0.0004251663562835,0.0007554108732804,0.0017269217622369,0.002386922750942,0.0028447055615372,0.0084730454353475,0.0008641070486641,0.00156693529178,0.0031095401624165,0.0002433567845031,0.0010488599749657,0.0005979955486947,0.0002739441139358,0.7985210571347925,0.0098328653922168,0.0003973442884589,0.0099976272004459,0.0071279166626433
ECLI:CZ:US:2019:4.US.988.19.1,Nález,Fourth Chamber,Jan Filip,Josef Fiala,0.026442816581983,0.0020233678208841,0.0525605131611574,7,0,0,0.0003024797647655,0.0010964580853786,0.0013804747488135,0.0025810909406462,0.0020233678208841,0.0016311093950368,0.0015862023609665,0.0016343349313301,0.026442816581983,6.58701659196731e-05,0.000105341333121,0.0004708369292387,0.0012869261291566,0.0008509929546086,0.005470004448947,0.007057349572096,0.0058025657657933,0.0012857752009418,0.0027240898168114
ECLI:CZ:US:2019:2.US.2888.18.1,Usnesení,Second Chamber,Vojtěch Šimíček,Ludvík David,0.4422812187664184,0.0010181984573105,0.0508391345422583,13,0,0,0.0001367937922334,0.0009879507828868,0.0011464939639899,0.0027684002700575,0.0002483375166292,0.002174488126814,0.0016668746559297,0.0039827002026812,0.0080144979751553,0.0016305994745537,0.4422812187664184,0.0059322430605344,0.0001165224275078,0.0002168324183063,0.0946042212749753,0.0017220881848602,0.0001384691749485,0.0024729050027527,0.0010181984573105
ECLI:CZ:US:2019:2.US.2398.18.1,Nález,Second Chamber,Kateřina Šimáčková,Radovan Suchánek,0.1860438471716003,0.0028187184541713,0.0515440681985627,9,0,0,0.0002695454822556,0.0012171933884238,0.0001368001131319,0.0407960886947751,0.0013222386757967,0.0008403065183277,0.0014279538454634,0.0008534674001451,0.000642769860345,0.0028187184541713,0.0045521441931662,0.0051472920600289,0.0036527113066032,0.0016281302415314,0.1860438471716003,0.0807485607438937,0.0003787180559971,0.0079104125091574,0.088519145934495
ECLI:CZ:US:2019:Pl.US.21.18.1,Nález,Plenum,David Uhlíř,Ivana Janů,0.1261649373857955,0.0032475281558362,0.0518618277364338,8,0,0,0.0032475281558362,0.0470992325220029,0.0003085645263768,0.1261649373857955,0.004639565326019,0.0011095230807384,0.0074023392530877,0.0052345939000727,0.0004096765922951,0.0358452616842725,0.0004568005990743,0.0024461831165844,0.0010033725912755,0.000254084545525,0.0009143858541305,0.0025109748473587,0.0001081867830783,0.0010859390418377,0.0901486690336504
ECLI:CZ:US:2019:2.US.3212.18.1,Nález,Second Chamber,Vojtěch Šimíček,Vojtěch Šimíček,0.5384590968908421,0.5384590968908421,0.0854965593723902,1,1,1,0.0004770841838602,0.0005879964004668,0.0001474578531082,0.0077949882699895,0.0017165195002474,0.006008855758974,0.0014213985115058,0.0012084589041986,0.0003613704955793,0.0482813937403671,0.1975688015590821,0.0001504660863805,0.0008793846684882,0.0004329824017668,0.0176193075617995,0.0113658258441898,0.0004333798037594,0.0079810226434967,0.5384590968908421
ECLI:CZ:US:2019:Pl.US.36.18.1,Usnesení,Plenum,Kateřina Šimáčková,Radovan Suchánek,0.0316139542688713,0.0015706062977402,0.0524103200954748,10,0,0,0.0032824855142616,0.0027047251862072,0.0009680136617593,0.0265143869841937,0.0015683699258197,0.000799735970271,0.0018126864281465,0.0020658289421103,0.0053500387882536,0.0015706062977402,5.6292733921980016e-05,0.0003589614233583,0.0004584958925068,0.0011693672337925,0.0316139542688713,0.0240517154342013,4.7504675314560814e-05,0.000402515101024,0.0042155138802008
ECLI:CZ:US:2018:Pl.US.4.18.1,Nález,Plenum,Vojtěch Šimíček,Kateřina Šimáčková,0.719599120206976,0.0981639623154685,0.0540511452550531,3,0,1,0.0009392940324574,0.0037612384269555,0.0002754463183964,0.0435279255291459,0.0002536177465022,0.0203866798284274,0.002525436394069,0.0113398644685261,0.0013611443999073,0.719599120206976,0.1153923561396788,0.0007138967361441,0.0002348681554371,1.6046513234709342e-05,0.0076854384635869,0.005970589882414,0.000127748091354,0.029340186632307,0.0981639623154685
ECLI:CZ:US:2018:Pl.US.27.16.1,Nález,Plenum,Jan Filip,Vojtěch Šimíček,0.9687282614349064,0.011162087321572,0.0467122096195242,6,0,0,0.0003582499301436,0.0129237991253178,0.0002988808063644,0.0282207858424813,0.011162087321572,0.0048988300144836,0.0007163278483244,0.0015275825856345,0.0004479680718756,0.63632365285923,0.0007773264689517,0.000213419737728,0.000258834233746,0.0001759080528246,0.0029796740778572,0.0014414054090108,0.0010776903686759,0.0543097594604718,0.9687282614349064
ECLI:CZ:US:2018:Pl.US.42.18.1,Nález,Plenum,Josef Fiala,Eliška Wagnerová,0.1707403115395236,0.0499282646429394,0.0545370124702942,2,0,1,0.0004371694236968,0.1707403115395236,0.001017726471554,0.0061131567617115,0.0011883480922028,0.0011072115892322,0.001565931371376,0.0176973802289649,0.0499282646429394,0.0012926801488074,0.0001571150067531,0.0002121934240424,0.0007690369822881,0.0001287204009983,0.0034942295942122,0.0002476544700588,0.0007893971436538,0.0008241487894676,0.0002962300275588
ECLI:CZ:US:2018:2.US.725.18.2,Nález,Second Chamber,Kateřina Šimáčková,Kateřina Šimáčková,0.2495375189803633,0.2495375189803633,0.0658748901287591,1,1,1,0.0004638957065951,0.0055562353996937,0.000270059944224,0.0866396942189687,0.0054498835370956,0.008745647064319,0.0009382661153989,0.0009457693485923,0.000168651031252,0.2495375189803633,0.0042226265668798,0.0007672370747397,0.0014608176056879,0.0003067101577357,0.0522350608892679,0.0015181518767566,0.0001090386049816,0.0051789574149611,0.0189311620031936
ECLI:CZ:US:2018:Pl.US.9.17.1,Usnesení,Plenum,Vladimír Sládeček,Vladimír Sládeček,0.9153225236982572,0.9153225236982572,0.1210956207789337,1,1,1,0.000199095776072,0.0020317602172416,0.000791616611978,0.0013676028059815,0.0019205791194391,0.0116399430618727,0.0003750948683555,0.0003995124292852,0.0032535352717695,0.0040376081068282,0.00114242826363,0.0010806443584308,5.205599773796537e-05,0.0015936472391787,0.0574939136904002,0.0213298094115687,8.81872467378505e-05,0.9153225236982572,0.0163481407879267
ECLI:CZ:US:2017:2.US.1398.17.1,Nález,Second Chamber,Vojtěch Šimíček,Vojtěch Šimíček,0.2156908565390944,0.2156908565390944,0.0637714260487196,1,1,1,0.0007305505640114,0.0009884760949894,0.0006233160223933,0.0118854496379585,0.0041907511305336,0.0224273132778507,0.0085282008832114,6.238227694717776e-05,0.0026997130462941,0.0158492250688471,0.0171810569240471,7.695457765094785e-05,0.0001691358405272,0.0007369588959236,0.0015025865218728,0.106658546493277,0.0002657084636728,0.0137795486290223,0.2156908565390944
ECLI:CZ:US:2017:1.US.3709.16.1,Nález,First Chamber,David Uhlíř,Stanislav Balík,0.2411000509002608,0.0001969001599985,0.0509622643772286,17,0,0,0.0001969001599985,0.0068102642660422,0.0003354141356197,0.0384144522629302,0.0078282336619013,0.0161344779055396,0.0003864111737034,0.0014154618941295,0.0027241737181709,0.1999401748723174,0.0033971515388962,0.0001710766832742,0.0001610304206693,0.0002588962296844,0.002586788152988,0.2411000509002608,0.0004795900593036,0.0361433628481156,0.0131104932935346
ECLI:CZ:US:2016:3.US.1047.16.1,Nález,Third Chamber,Jan Filip,Radovan Suchánek,0.6223312085817515,0.0011841723314587,0.0500860107368039,9,0,0,0.0003935095350217,0.0016018693617658,0.0001541326346211,0.0161200593801807,0.0011841723314587,0.0042262446637721,0.0005109135859036,0.0052367830358374,0.0849804180127637,0.0001499786695462,0.0005951089735126,0.0004924402872196,0.001863129673092,0.0001438085063521,0.6223312085817515,0.0035760677877538,0.0001042599099435,0.0007759413677326,5.6473403974699205e-05
ECLI:CZ:US:2016:2.US.2000.16.1,Nález,Second Chamber,Jiří Zemánek,Radovan Suchánek,0.2144489584901321,0.0042974882908772,0.0520881104673503,4,0,0,0.0004439450442168,0.0018404307428811,0.0001151741171144,0.0014772546885683,0.0014668921833316,0.0015437503188791,0.0028269547085403,0.0042974882908772,0.0037355678300836,7.031135858064383e-05,0.0104290729599371,0.0011783381363556,0.0024527911731342,0.0011605159067652,0.2144489584901321,0.0078486785973382,0.0001290683159638,0.0004745252467285,0.0001358734856312
ECLI:CZ:US:2016:1.US.1524.15.1,Nález,First Chamber,Kateřina Šimáčková,Radovan Suchánek,0.0437321679914931,3.893073713330229e-05,0.0522822324244432,18,0,0,0.0242544809205654,0.0012929107372227,0.0008459452480667,0.0050269374307683,0.0012715858698382,0.0002910596956983,0.0183564989831109,0.0032068156260768,0.0165061251401228,3.893073713330229e-05,0.0004526680301775,0.0003268513902243,0.0015128385006537,0.000374029909874,0.0437321679914931,0.0050075691573597,2.029369232882864e-05,0.0034662169305553,0.0001043249618043
ECLI:CZ:US:2016:4.US.899.15.1,Nález,Fourth Chamber,Vladimír Sládeček,Josef Fiala,0.1897343640770688,0.0020220331943754,0.0515714876666622,7,0,0,9.268719694752086e-05,0.0008734275171162,0.0003666563847758,0.0016056866278531,0.0021087349658249,0.0520779930136958,0.0025069820711976,0.0020108826960082,0.1897343640770688,0.000251311460647,0.0001419552099386,0.0002323095792547,0.000281635793146,4.439956468658314e-05,0.0361800219162873,0.1097108044818217,0.0017806849827295,0.0020220331943754,0.0002911124734373
ECLI:CZ:US:2016:2.US.3383.14.1,Nález,Second Chamber,Jan Filip,Radovan Suchánek,0.8957180862317355,0.0032507207632862,0.048826016200013,7,0,0,0.000218272536362,0.0028569661661134,0.0002468945799666,0.0091267857642091,0.0032507207632862,0.0009387706617095,0.0023002197960655,0.002011270763787,0.0099941043925858,0.0036784642626623,0.0005170639342585,0.001104970877159,0.0002825329188051,0.0006078880209706,0.8957180862317355,0.0530186585226735,2.82989822400105e-05,0.0055963167335907,0.0011373164645278
ECLI:CZ:US:2015:3.US.663.15.1,Nález,Third Chamber,Jan Filip,Radovan Suchánek,0.1403673642360315,0.0066817386606514,0.0521889551600238,6,0,0,3.6856788909577314e-05,0.0054703483787981,0.0002337721182324,0.0525618756792614,0.0066817386606514,0.0007724446384341,0.0012312355164398,0.0272108820348861,0.0169307968004002,0.000533025413703,0.0044876852768963,0.0029705215796773,0.0014597437322445,4.490432603589088e-05,0.1403673642360315,0.0060182737285453,0.0015368648706443,0.0086352253319028,5.364851048503528e-05
ECLI:CZ:US:2015:2.US.2766.14.2,Nález,Second Chamber,Vojtěch Šimíček,Vojtěch Šimíček,0.2702388861490933,0.2702388861490933,0.0671898963618098,1,1,1,0.0013585616805877,0.0020251635473769,0.0001967094060133,0.0151975463168352,0.0017863310645086,0.0017401897548117,0.0036787338561334,0.0001164947524247,4.8809361630684585e-05,0.0014060258941755,0.0012164395949129,0.0009397419746733,0.002141026816784,0.0016770369230186,0.1295963439527651,0.0115526428433291,4.593907191648715e-05,0.0071071944744725,0.2702388861490933
ECLI:CZ:US:2015:2.US.2196.13.1,Nález,Second Chamber,Vojtěch Šimíček,Radovan Suchánek,0.8766633866477468,0.0158432327649136,0.0496687672880044,3,0,1,0.0007788247453462,0.0003086292259291,0.0021402281225942,0.0169842468868862,0.0005827155752216,0.0009087593199678,0.0029234875668263,0.0004409869906538,0.0003373833547181,0.0001699895013565,0.0002861225331894,0.0027824865210297,0.0013578806997145,0.0002446948072676,0.8766633866477468,0.0010629062424543,0.0010326263544101,0.0035494091649203,0.0158432327649136
ECLI:CZ:US:2015:3.US.880.15.1,Nález,Third Chamber,Jan Filip,Radovan Suchánek,0.187809680517351,0.0012462682684222,0.0516185492244499,15,0,0,0.0005091294863041,0.0063164132450002,0.0002288843061768,0.1316015070758694,0.0012462682684222,0.0019276939397486,0.0030262375479614,0.0050911514589166,0.0043249796901814,0.0015778416598351,0.0014546418596678,0.000985133331478,0.0016213246900943,3.41783396676146e-05,0.187809680517351,0.0106006300145121,0.00190929815238,0.0061307115548271,0.0026631677963759
ECLI:CZ:US:2015:2.US.2108.14.1,Nález,Second Chamber,Vojtěch Šimíček,Radovan Suchánek,0.3036544762072684,0.0109221376800028,0.0520848372550117,2,0,1,0.0003113553142268,0.0037660281174236,0.0002689152233818,0.010770579096939,0.0010828578732868,0.0005480508560075,0.0028668935343841,0.002530814906728,0.0025916554905535,0.0023278150854146,0.001350037292261,0.0013185767814871,0.0009364380599765,0.0001770931608391,0.3036544762072684,0.003897729136143,0.0004388411249542,0.0091955460734293,0.0109221376800028
ECLI:CZ:US:2015:3.US.415.15.1,Nález,Third Chamber,Jan Filip,Radovan Suchánek,0.2204318140096478,0.0024459820930833,0.0517545071416344,9,0,0,5.369260179169693e-05,0.0039993888967131,0.0007188375415046,0.01724984980619,0.0024459820930833,0.0007128533415313,0.0011759950567815,0.0347694596241996,0.0049897669041462,0.0003550615313148,0.0017369880714697,0.0012742100014596,0.0004226254529914,5.544763260874744e-05,0.2204318140096478,0.0052260908691251,0.0394586685582406,0.005921251966191,0.0005181243701748
ECLI:CZ:US:2015:1.US.1822.14.1,Nález,First Chamber,Kateřina Šimáčková,Ivana Janů,0.1045629808310713,0.0100804048456197,0.0526441500751936,3,0,1,0.007009071030329,8.640799847950554e-05,0.0002165532325691,0.1045629808310713,0.0035526165139241,0.0013533750898999,0.0077096877263412,0.0006227654641146,0.0032433606371911,0.0100804048456197,0.0247851865508276,0.0003544955153748,0.0010951761927758,0.0001212007875885,0.0071403086994174,0.0022808889885807,4.674210070694407e-05,0.0067576863301228,0.0007521621220789
ECLI:CZ:US:2015:3.US.2301.14.1,Nález,Third Chamber,Jan Filip,Radovan Suchánek,0.0407416633145445,0.0001621189562776,0.0523712889596426,18,0,0,0.003407361833343,0.0064243645614462,0.0007607704118651,0.0087125565349438,0.0001621189562776,0.0096149231995921,0.0014118026791633,0.0026952450400521,0.0046657883256055,0.0002344134418974,0.0003878352986519,0.000486801456261,0.0008719901413835,0.0032013568181301,0.0407416633145445,0.0111636050448997,5.9218038753084666e-05,0.0008662155431861,0.0006225463391534
ECLI:CZ:US:2015:2.US.3694.13.2,Nález,Second Chamber,Vojtěch Šimíček,Radovan Suchánek,0.8222507227273954,0.0752626396076637,0.0528467634354058,2,0,1,0.0005149263192579,0.0002446407483799,0.0002502308875567,0.0074203538509081,0.0031111232952826,0.0019582009333909,0.0012338784167586,0.0001181381271419,0.0002081606325978,0.0009711988400853,0.0010252771466785,0.0034964318589036,0.0024422731819529,0.0020897535229654,0.8222507227273954,0.0179383083179919,0.0003269266766759,0.0044133910725958,0.0752626396076637
ECLI:CZ:US:2015:Pl.US.19.14.1,Nález,Plenum,Ludvík David,Kateřina Šimáčková,0.9973009774072328,0.0103839495355265,0.0485000850836799,5,0,0,0.0005504948867764,0.0059820068299546,0.0001009750835415,0.0135600075674958,0.0014831591905671,0.044339123681504,0.0027543138669208,0.0060013544366904,0.0008345933005928,0.9973009774072328,0.0103839495355265,0.0009027299214961,0.0006891571661801,0.0001701801547653,0.0035150678247584,0.0014629721422776,3.748838449593275e-05,0.0050286311892895,0.0235020254418956
ECLI:CZ:US:2014:2.US.658.14.1,Nález,Second Chamber,Radovan Suchánek,Radovan Suchánek,0.4166319938573184,0.4166319938573184,0.0775375102669973,1,1,1,0.0002340355878556,0.0044703012587397,0.0011284773841782,0.014953375677894,0.0004485342671052,0.0007089969939103,0.0038136918038375,0.0007761923291165,0.0033005224708844,0.0003482922752032,0.0001543680319863,0.0018323331652265,0.0024462344866117,0.0002053225637975,0.4166319938573184,0.007045276250168,0.0011263587377917,0.0008868416749628,0.0018227220848635
ECLI:CZ:US:2014:Pl.US.2.14.2,Usnesení,Plenum,Jiří Zemánek,Kateřina Šimáčková,0.687281968410227,0.0069371073383771,0.0501049702590887,7,0,0,0.0001878625545875,0.0043011301753728,0.0001684808302594,0.0226509099765642,0.0006579931035687,0.0031178832029972,0.0033818294108915,0.0069371073383771,0.000738674670383,0.687281968410227,0.0035117825340005,0.0005185894468639,0.0005471827260028,0.0003608224693203,0.0235190050582863,0.0216456351796792,7.93281426918157e-05,0.0076994129310677,0.007820548261106
ECLI:CZ:US:2014:2.US.298.13.1,Usnesení,Second Chamber,Vojtěch Šimíček,Radovan Suchánek,0.5645730614811483,0.0029066298952084,0.0506414650792329,4,0,0,0.0006481788417617,0.0006695297018887,0.0006558393951382,0.0010187802091648,0.0001372400285135,0.00058943381982,6.13667754940664e-05,0.0010920882749661,0.0270555488457478,4.174331992124508e-05,0.0014133597680605,0.0005589206356766,0.0014891524196188,0.0006385220595853,0.5645730614811483,0.0051874818598403,0.0004693808177452,0.0004222169898099,0.0029066298952084
ECLI:CZ:US:2014:3.US.3255.13.1,Nález,Third Chamber,Jan Filip,Jan Musil,0.8651729062445076,0.0004497351339027,0.0489484712645783,16,0,0,0.0007115757885043,0.002165396074679,0.000307054477352,0.0028295194803006,0.0004497351339027,0.8651729062445076,0.0023092646911111,0.0015161585108402,0.0016354827919814,0.0031286231895728,0.0017743052363769,0.0007816059275607,0.0008064537748339,0.0003180093528289,0.0331672641321363,0.0046250390380794,0.0004196902284941,0.0026012708718163,0.0032791941738496
ECLI:CZ:US:2014:1.US.4503.12.1,Nález,First Chamber,Kateřina Šimáčková,Ivana Janů,0.9657151879360832,0.019442544582776,0.0490929939118384,3,0,1,0.0008975423967132,0.0009955527697301,0.0002551527229956,0.9657151879360832,0.0005198461773087,0.0053270993311698,0.0015920800201548,0.0008365862048399,0.0014139108904187,0.019442544582776,0.003912796905247,0.0008444090832068,0.000983685180677,0.0003523414678034,0.087530339459237,0.0012517121629051,0.0001126833317403,0.0052545687748154,0.0070258611869151
ECLI:CZ:US:2013:1.US.2665.13.1,Nález,First Chamber,Ludvík David,Ivana Janů,0.4266877490784367,0.0021592792248855,0.0511212734513374,10,0,0,0.0005779884950121,0.0048877051115651,0.0002725065370428,0.4266877490784367,0.0009352645276432,0.0033157094254576,0.003486654770366,0.0005692861212382,0.0169632884171554,0.0031774500166827,0.0021592792248855,0.0005233106841358,0.0016488630166711,0.0001970778800203,0.021857007665072,0.0044958228560189,0.0003109115858256,0.005499567302195,0.0001162961709126
ECLI:CZ:US:2013:1.US.2208.13.2,Nález,First Chamber,Kateřina Šimáčková,Ivana Janů,0.997772246138738,0.0027648248580202,0.0482766096218952,6,0,0,0.0001235542555025,0.0001769041253511,0.0001001290813174,0.997772246138738,0.0024528651792095,0.0017956431329706,0.0033769803580312,0.000726430472791,0.0010252839299308,0.0027648248580202,0.0011975031065696,0.000411911343416,0.000997635400561,0.0002706095495641,0.034960375013273,0.0044216906327156,1.672095893104173e-05,0.0031146198140138,0.0004987198354881
ECLI:CZ:US:2013:2.US.1842.12.1,Nález,Second Chamber,Stanislav Balík,Radovan Suchánek,0.3186172054126001,0.0316077579820806,0.0530298388286852,2,0,1,0.0002807532085854,0.0006310379190973,0.000164389941732,0.0008653075467347,0.0003788689453462,0.0008352512194421,0.0073727890715957,0.0017793701973773,0.0307914183573847,2.757767299911245e-05,0.0002227359903403,0.0056710105055982,0.0011666062352511,0.0031066854394699,0.3186172054126001,0.0316077579820806,0.0001480912184051,0.0015420309997869,1.1892485696137943e-05
ECLI:CZ:US:2013:4.US.2163.11.2,Nález,Fourth Chamber,Michaela Židlická,Radovan Suchánek,0.1078037705579143,0.0015771946758428,0.0520597021664355,9,0,0,0.0002038252543267,0.0009545543158929,0.0001530004560152,0.0146766296539545,0.0007500965447981,0.0038900978634117,0.0015364335663133,0.0019249474696694,0.0063107978019194,0.0005958979284241,0.0022120421771358,0.0015771946758428,0.0797986249684771,0.0004950703395782,0.1078037705579143,0.0050700307770684,0.0002582776853167,0.0010942514822946,0.0002767823859338
ECLI:CZ:US:2013:3.US.1669.11.1,Nález,Third Chamber,Jan Musil,Ivana Janů,0.1087271681549766,0.0034086475277647,0.0522707279346243,8,0,0,0.0003400120158301,0.004882847487788,0.0001722515429186,0.1087271681549766,0.0001520031256414,0.0034086475277647,0.0005367436087306,0.0053681329752023,0.0070667029469782,0.0019690490929605,0.0017661518855008,0.0012839715391229,0.0005742363184378,0.0019262849742363,0.0236931637114078,0.0193071954552891,0.0028909881544564,0.0013474121099859,0.0043961878058629
ECLI:CZ:US:2013:Pl.US.36.09.1,Usnesení,Plenum,Stanislav Balík,Stanislav Balík,0.9678242642435934,0.9678242642435934,0.1271116000637972,1,1,1,0.0003316266265805,0.0089632906434024,0.0001993641463523,0.0406545934400286,0.0010625401688561,8.648462765243909e-05,0.002224655771531,0.0095755557461651,0.000554717453361,0.0009020994332587,0.0011689875857144,0.0004117684833147,0.0002496427379006,0.0024912718631119,0.004037640209458,0.9678242642435934,0.0001645678209476,7.116175101150409e-05,0.0015736185258762
ECLI:CZ:US:2013:Pl.US.25.12.1,Nález,Plenum,Jan Musil,Vojtěch Šimíček,0.4807723740018681,0.014669568585795,0.0503191707803858,5,0,0,0.0004355546305594,0.0064632657172752,0.0001988888664438,0.0721153490739218,0.0053663950330387,0.014669568585795,0.0030690733776403,0.0016039793037565,0.0001073543535091,0.3391571082682639,0.0013411254881931,0.0004528285381928,0.0002431831257725,0.0004472663375535,0.0031082104618124,0.0247851492999506,0.0002068591671936,0.0079586613594987,0.4807723740018681
ECLI:CZ:US:2012:2.US.1529.08.1,Nález,Second Chamber,Jiří Nykodým,Stanislav Balík,0.8825176386990314,0.0041656845889438,0.0490350872625904,6,0,0,0.0020036219420117,0.0085450851637261,0.0004084229393253,0.0091545895352966,0.0025698083116897,0.0033329516384038,0.0041656845889438,0.0045375745853393,0.001587748449119,0.0003105692323488,0.0005251743330747,0.0009583145861813,0.0003907130118557,0.0008789364771926,0.0168726251046901,0.8825176386990314,0.0003138354462803,0.0025788377873608,0.0023186418031011
ECLI:CZ:US:2012:2.US.3120.10.1,Nález,Second Chamber,Stanislav Balík,Jiří Nykodým,0.0303742235020394,0.018674797355897,0.0532753027399809,2,0,1,0.0004739231644605,0.0039140767412818,0.0008349940348406,0.0183792731873792,0.000626258472492,0.0025458775962907,0.0303742235020394,0.005104992635407,0.0038615795855531,0.0013018695235158,0.0002830101594951,0.0141065442622624,0.0006906172578716,0.0010738440412817,0.0121401748266719,0.018674797355897,0.000191637452103,0.0080314478751038,0.0005901759157494
ECLI:CZ:US:2012:2.US.773.07.2,Nález,Second Chamber,Jiří Nykodým,Stanislav Balík,0.6193761021512202,0.0010435193512147,0.0502642015898098,14,0,0,0.0006887779785074,0.0017496863338036,0.0004979756064851,0.0050545228435786,0.0039517907560755,0.0037455658603447,0.0010435193512147,0.0031194273574906,0.0029215603666766,0.0030158771949748,0.0001418766870403,0.0011120999590917,0.0001051496019423,0.001559649559266,0.0068523470892447,0.6193761021512202,0.0003253314107777,0.0153725890677096,0.0064114338215679
ECLI:CZ:US:2012:Pl.US.23.11.1,Nález,Plenum,Jiří Nykodým,Radovan Suchánek,0.2908945004483833,0.0275929175012713,0.0528568522163179,3,0,1,0.0003504220662736,0.0023989571439657,0.0003047107828619,0.0324914524354688,0.0065162897299507,0.0005335950147581,0.0275929175012713,0.0135556551069394,0.0005636230082767,0.0068973266464753,0.0058238245482087,0.0010023030914013,0.0003974065248194,0.0002087776427377,0.2908945004483833,0.0045935321343684,0.0002263578973601,0.0057029446347905,0.0004362175487496
ECLI:CZ:US:2012:1.US.529.09.1,Nález,First Chamber,Eliška Wagnerová,Ivana Janů,0.1525643239025731,0.0110705296770126,0.0523868402740599,4,0,0,0.0005111795091983,0.0110705296770126,0.0004753706647833,0.1525643239025731,0.0006480179172104,0.0071953011319387,0.00114289108941,0.0021280343706638,0.007373552260218,0.0035974205113131,0.0055367721326096,0.0009661167300199,0.0002115894368242,0.0007034715882397,0.0650550683864364,0.0023513142964481,0.0001099851815222,0.0230880965676392,0.0017019062976277
ECLI:CZ:US:2012:1.US.1586.09.1,Nález,First Chamber,Eliška Wagnerová,Ivana Janů,0.7792823072938417,0.0056599131723921,0.049232012798998,7,0,0,0.0001730468848891,0.0056599131723921,0.0002247001809477,0.7792823072938417,0.000399153294403,0.003530369592181,0.0012744097885617,0.0021824152405287,0.0003522393424764,0.039083666300856,0.0014736233186645,0.0014974537058448,0.0012280877844019,0.0002146896295028,0.1118334688711854,0.0062540192980633,0.0002713036553074,0.050504429431919,0.0125217137877311
ECLI:CZ:US:2012:Pl.US.10.09.1,Usnesení,Plenum,Ivana Janů,Ivana Janů,0.6323902618678656,0.6323902618678656,0.091949979625978,1,1,1,0.0011533212596486,0.0130426707218611,0.0001007694276429,0.6323902618678656,0.0028716949256977,0.0319358974014072,0.0027352863010591,0.0064219473874339,0.0004718912433426,0.2847110648867341,0.0041292934061311,0.0005202146807358,0.0001031806721172,0.0006029721884454,0.001440238963553,0.0008326194181452,5.6295649756440806e-05,0.0045490801048055,0.170316716949916
ECLI:CZ:US:2011:2.US.3608.10.1,Nález,Second Chamber,Eliška Wagnerová,Radovan Suchánek,0.1023502019058058,0.0051119225468605,0.0521655383537944,7,0,0,0.0035769868899853,0.0051119225468605,0.0003375256822449,0.0275295505397598,0.0013679024527369,0.0019390480255563,0.0735488295894959,0.0007592120017074,0.003252075234982,0.0008252750365608,0.0001569405457672,0.0006134722882931,0.0012742154493142,0.0002770686979401,0.1023502019058058,0.0058109110439946,8.449796007329831e-05,0.0137402897764453,0.0165777983917712
ECLI:CZ:US:2011:3.US.3616.10.1,Nález,Third Chamber,Vladimír Kůrka,Jan Musil,0.6384308296246733,0.0012466591448213,0.0502343659213436,12,0,0,0.0013377439148343,0.0006165436311695,0.0005801614494432,0.0089152409474101,0.0003347764411168,0.6384308296246733,0.0001178272728873,0.0002720079571025,0.0045703552828055,0.001030276231826,0.001849095025014,0.0031134541676663,0.0012621088731409,0.0001948799330712,0.0039320080199668,0.0012471976419453,0.0012466591448213,0.0022217944685744,0.0050895708989894
ECLI:CZ:US:2011:2.US.2326.07.1,Nález,Second Chamber,Jiří Nykodým,Ivana Janů,0.0612563646924005,0.0283851362700952,0.0536862585744671,2,0,1,0.0008095479136929,0.0005230904195218,0.0005299799877297,0.0612563646924005,0.0004776549307114,0.0008376766172906,0.0283851362700952,0.0143257401793667,0.0239217139048444,0.000206107461869,0.0018416872145575,0.0050792001862614,0.0001868538611181,0.0007841236703394,0.008449706009965,0.0073960280498443,0.0001313422825186,0.0049952144721544,9.614734843204527e-05
ECLI:CZ:US:2011:1.US.3481.10.1,Nález,First Chamber,Eliška Wagnerová,Ivana Janů,0.065039046973599,0.0009137088545816,0.0523041713710404,12,0,0,0.0004263462646151,0.0009137088545816,0.0001626441421499,0.065039046973599,0.0011270630059898,0.0062380766031419,0.0013354670449234,0.0009109687450119,0.0207208015036156,0.0002639911063896,0.0003016868631981,0.0020477875583183,0.0062689649525174,0.0001283608649785,0.0060369407750029,0.0149422748339563,0.0017994629433404,0.0047530829721337,0.0004293073543966
ECLI:CZ:US:2011:1.US.2166.10.1,Nález,First Chamber,Eliška Wagnerová,Ivana Janů,0.3698947701113029,0.0050103256405142,0.0513691001046405,7,0,0,0.000182093204318,0.0050103256405142,0.0002651766600883,0.3698947701113029,0.0006155366784847,0.0018865854090732,0.0034493539347813,0.0114520774997444,0.0034778588149016,0.0059971636010371,0.0013814385810507,0.0037874816987684,0.0004015582973712,0.0002215729465055,0.0402420571296333,0.0238075163719793,0.0008207824207822,0.0110440874010388,0.0018231242604951
ECLI:CZ:US:2010:Pl.US-st.30.10.1,Stanovisko pléna,Plenum,Stanislav Balík,Eliška Wagnerová,0.9343580231476978,0.0092970922826186,0.048905274697402,5,0,0,0.0002410012147093,0.9343580231476978,0.0002307120558334,0.0213504005948367,0.0012671039257362,0.0198716689553089,0.0016730720423687,0.0216478122192034,0.0007736664434142,0.0030397063624429,0.007329924597782,0.0005435602669359,0.0002203939414808,0.000195890557595,0.0013607042571412,0.0092970922826186,0.0003319099376575,0.002299954473652,0.0006835090526606
ECLI:CZ:US:2010:1.US.2025.10.1,Nález,First Chamber,Eliška Wagnerová,Ivana Janů,0.0461267295807789,0.0041145561825864,0.052495500483435,5,0,0,0.0008393881703257,0.0041145561825864,0.0008856466846496,0.0461267295807789,0.0012150344897919,0.0049871304684792,0.0013957384025318,0.0015877165572866,0.0092066481184218,0.0006427613022228,0.0002849966647765,0.0016101842695853,0.0019692879615596,8.998420236888593e-05,0.0433226114323919,0.0022208723691374,0.0004434446324224,0.0040158960180466,0.0007196624131107
ECLI:CZ:US:2010:Pl.US.4.10.1,Usnesení,Plenum,Vladimír Kůrka,Vladimír Kůrka,0.5503552385905346,0.5503552385905346,0.0860476366044751,1,1,1,6.836377473124114e-05,0.0025267970759879,0.0013427416871971,0.000268357229867,0.001094968614905,0.0328575305457541,0.0005583990702658,0.0625252931779126,0.0174464777673959,0.0010952786203275,0.0034997229745407,0.0008118592604976,9.083046462584468e-05,7.040867059728217e-05,0.2492793682012276,0.0010779979762068,0.5503552385905346,0.0047249183171326,0.00035626813282
ECLI:CZ:US:2010:3.US.3386.09.1,Nález,Third Chamber,Vladimír Kůrka,Jan Musil,0.0550319028517309,0.017949226050876,0.0531752222297493,4,0,0,0.0001098261770394,0.0003655304777404,0.0003715038698657,0.0052170357499151,0.0001275444299287,0.0550319028517309,0.0001953050552587,0.0011551777464412,0.02972461525385,9.142351055441298e-05,0.0003499601143708,0.0013327307379499,0.0057798738431676,0.000175513691526,0.0213678489620415,0.0025506495062438,0.017949226050876,0.0019966782261744,3.710954904901325e-05
ECLI:CZ:US:2010:Pl.US.58.05.1,Nález,Plenum,Michaela Židlická,Eliška Wagnerová,0.0887338048586639,0.0006918026650016,0.0519458102632269,14,0,0,0.0003228983456255,0.0887338048586639,0.0014613540786217,0.0147173907941123,0.0002957750947719,0.0006771994740729,0.0117798763347293,0.0201143610948281,0.0077427293665732,0.0606360042869725,0.0072046852316871,0.0006918026650016,8.455282452737975e-05,8.010274101855801e-05,0.0291590905501299,0.0013275453004959,0.0006978409402744,0.0093278538780866,0.0022497871534471
ECLI:CZ:US:2010:1.US.22.10.1,Nález,First Chamber,Eliška Wagnerová,Ivana Janů,0.8386726407270034,0.0046725680261793,0.0490406047766491,5,0,0,0.0002569195270388,0.0046725680261793,0.000621132347307,0.8386726407270034,0.00021443125846,0.0045427553559004,0.0003333103282839,0.0008142349294863,0.0009452468943253,0.0021463819814602,0.0001157104065404,0.0009409632724444,0.0011603922693948,0.0003905891341461,0.1282245680507344,0.0053695850529775,0.0006680953985865,0.004661609586736,0.0087220742191045
ECLI:CZ:US:2010:Pl.US.32.09.1,Usnesení,Plenum,Jiří Nykodým,Radovan Suchánek,0.0928283923852712,0.0107063307802083,0.0527826629427513,3,0,1,0.0044120695911256,0.0206001143625464,0.0004058774783574,0.0016930702732186,0.001820263461216,0.0010344486348105,0.0107063307802083,0.0006600278801435,0.0008207911911532,8.233318480919003e-05,0.0002191881671844,0.0013290761717914,0.003490070945754,0.0019050219441378,0.0928283923852712,0.0016239088997284,4.510845288891698e-05,0.0002977698481145,0.0008279275229405
ECLI:CZ:US:2009:1.US.1922.09.1,Nález,First Chamber,Eliška Wagnerová,Ivana Janů,0.0827907760864178,0.00145974434408,0.0521372529205429,10,0,0,0.0009590282940577,0.00145974434408,0.0002815041197595,0.0827907760864178,0.001474497372373,0.0020558150266221,0.0008578791229456,0.0025326815464888,0.0007046487614603,0.0004837000755134,0.0001738178753881,0.0001557870524873,0.000619179194082,0.0062758727793151,0.0825749378700406,0.0035783203393493,0.0001233151468785,0.0071211771716869,0.0068268082390131
ECLI:CZ:US:2009:1.US.557.09.1,Nález,First Chamber,Eliška Wagnerová,Eliška Wagnerová,0.0786656736148533,0.0786656736148533,0.0564377522358742,1,1,1,0.0004457660953791,0.0786656736148533,0.0003725058620253,0.0247893493271127,0.0007756163548696,0.0223273132558199,0.0003863674110256,0.0026535230114286,0.0018484305685506,0.0064140029606084,0.0003484120321853,0.0047339984968687,0.0011806231258418,0.0004430550530165,0.0096318612372486,0.0038889165264502,0.000414730767453,0.0049407644529923,0.0006711270078439
ECLI:CZ:US:2009:2.US.96.09.1,Nález,Second Chamber,Stanislav Balík,Ivana Janů,0.3090210968599295,0.1050037492381204,0.0563329735179491,3,0,1,0.0002000043812079,0.0016279039171959,0.003604020148655,0.3090210968599295,4.5876987638628885e-05,0.0033602571123047,0.1617052145783207,0.0008067095838254,0.0034712875066108,0.000155259162487,0.0002036631909255,0.0006284626407669,0.0008635963764867,0.000148688621761,0.0471833962461848,0.1050037492381204,0.0014483337087904,0.0011670067110484,0.0025658938314105
ECLI:CZ:US:2009:2.US.2461.08.2,Usnesení,Second Chamber,Jiří Nykodým,Stanislav Balík,0.1015817504686205,0.0048126820641807,0.0524833055410553,4,0,0,0.0035638844288634,0.0002314238199346,0.0012130981796333,0.0078580905984385,0.0014827760520666,0.003152905316793,0.0048126820641807,7.070978435457976e-05,0.001345311113384,4.156047402362736e-05,0.0002784563229272,0.0009479060805706,0.0009907667288604,0.0004088517793179,0.0111471798817588,0.1015817504686205,3.07154871566048e-05,0.0004439035126042,0.000537273368344
ECLI:CZ:US:2009:Pl.US.26.08.1,Nález,Plenum,Jiří Nykodým,Eliška Wagnerová,0.1036809597927126,0.0059293649202422,0.0524055603188738,5,0,0,0.0011238262517517,0.1036809597927126,6.37342187614899e-05,0.024111904340764,0.0040387048732962,0.002636114560983,0.0059293649202422,0.0015643974333076,0.0002513915845217,0.0078665678501403,0.0009660808470786,0.0028789624691701,0.0022505871374946,0.001137164371621,0.0269427251531635,0.0007763523411306,3.2435320433552465e-05,0.0011261226758161,0.0017498820194241
ECLI:CZ:US:2009:4.US.2956.07.1,Nález,Fourth Chamber,Miloslav Výborný,Stanislav Balík,0.0373432836123003,0.0010222503173645,0.0524179233770702,10,0,0,0.0004162131310749,0.001866686284685,0.0007658039624709,0.0007145228829088,0.0024108463152707,0.0035779120623573,0.002944785002534,0.0029612566503548,0.0238033433533637,3.769379758077808e-05,0.0002918982523723,0.0074452922299698,0.0010222503173645,0.0002623071049189,0.0087687773706229,0.0373432836123003,0.0003576994320035,0.000742072612082,0.0001439914948644
ECLI:CZ:US:2009:Pl.US.51.05.1,Usnesení,Plenum,Jan Musil,Ivana Janů,0.072486380633364,0.0117716483498043,0.0527801937816881,3,0,1,0.0016335703550716,0.0057250527933331,0.0004511723491483,0.072486380633364,0.0001327215172366,0.0117716483498043,0.0014305966998002,0.0103559925818052,0.0066842870774022,0.0029935923874983,0.0040717332659586,0.0009589323813875,0.0001726130214526,0.0002486846854906,0.0070940310129824,0.0375310106339124,8.410702170496936e-05,0.0029032546358894,0.0005086903103431
ECLI:CZ:US:2008:3.US.3158.07.2,Nález,Third Chamber,Vladimír Kůrka,Radovan Suchánek,0.6542144961868196,0.0954325170800683,0.0541613017821166,4,0,0,2.3649513075112547e-05,0.0001384572714967,0.0005561601152311,0.0012114772717557,0.0014721054594363,0.1548848657064571,0.0004645706381019,0.0030575520160199,0.0994255553674201,2.2959804116040188e-05,0.0003338694535918,0.0012749262218126,0.0003166329840839,0.0002005001321113,0.6542144961868196,0.003630325680952,0.0954325170800683,0.0036064026947984,3.2985056565937654e-05
ECLI:CZ:US:2008:1.US.1835.07.1,Nález,First Chamber,Eliška Wagnerová,Ivana Janů,0.050426225239069,0.0157538308979213,0.0529979521646831,4,0,0,0.0016504645777181,0.0157538308979213,0.00128934169545,0.050426225239069,0.0004058212098755,0.0062234855661813,0.0013093317372381,0.0003175164678667,0.0022409009261059,0.0079256978067657,0.0005217560087127,0.0019700414617217,0.001768451058815,0.0005137540453512,0.0061824970608392,0.0202292608055406,0.0001010482442493,0.000924794250326,0.0457407429505596
ECLI:CZ:US:2008:2.US.1148.07.1,Nález,Second Chamber,Jiří Nykodým,Stanislav Balík,0.0624113118037099,0.0026925124984903,0.0521785774540853,9,0,0,0.0006407535038557,0.0364108299450255,0.0018772281317655,0.0444845053813324,0.0027923663715909,0.0052906233426105,0.0026925124984903,0.000204264431606,0.0035929666925255,0.0007333739781788,0.0002266725022042,0.000454097526876,0.0009401043879515,0.0014368876547177,0.0025129026445937,0.0624113118037099,0.0001833567798898,0.0111186593002829,0.034266331651293
ECLI:CZ:US:2008:Pl.US.40.06.2,Nález,Plenum,Vladimír Kůrka,Kateřina Šimáčková,0.3199109548929479,0.0157393053098293,0.0520541898014371,5,0,0,0.0008462147819474,0.0139569869553429,0.0011405756267419,0.0068864326230986,0.0005855568287064,0.019577663026765,0.0010595359389725,0.008149003131184,0.0007504344585938,0.3199109548929479,0.0037988716915636,0.0004985701207449,5.409023261775936e-05,0.000112164274966,0.0130511984255828,0.0020126283057188,0.0157393053098293,0.0230065849931408,0.0260949884292377
ECLI:CZ:US:2008:Pl.US.6.08.1,Nález,Plenum,Ivana Janů,Ivana Janů,0.1182464299945327,0.1182464299945327,0.0586421706461859,1,1,1,0.000903401120347,0.0029887561009972,0.002064547274957,0.1182464299945327,0.0003082354675139,0.0025544346723211,0.0077684988605783,0.00047632342134,0.0032550552805661,0.0266599846872033,0.0055222003214928,0.002533307284922,9.336850136348456e-05,0.0047875652294087,0.0014954845071006,0.0033046159965497,1.136522764912034e-05,0.0004727091654904,0.0018742404596695
ECLI:CZ:US:2008:Pl.US.24.07.2,Usnesení,Plenum,Jan Musil,Eliška Wagnerová,0.5252122767921561,7.746924889670752e-05,0.0506004673638445,17,0,0,0.0001494219674561,0.5252122767921561,0.0013929708037755,0.0024311402207863,0.007683389525541,7.746924889670752e-05,0.001703682713049,0.0103202889536661,0.0185220926658315,8.792485674270806e-06,0.0001699715283359,0.0009627518392447,7.358431224224222e-06,0.0005554572472412,0.0069247959533093,0.0210276344876557,8.859178932411238e-05,0.0003087671810436,0.0005335424844852
ECLI:CZ:US:2008:Pl.US.24.07.1,Usnesení,Plenum,Jan Musil,Jiří Zemánek,0.9854968615805088,0.0008197229805127,0.0477633610154617,12,0,0,3.50617425561293e-05,0.01417516410822,0.0016819644857091,0.0077806545054428,0.0009167912775946,0.0008197229805127,0.0011326084111629,0.9854968615805088,0.1528141442496218,0.0121817684332325,0.00740466721874,0.0001021406009994,1.1461778429473393e-05,2.988975477315648e-05,0.0247421981537978,0.0001488214254652,0.0002909971085932,0.0367836794904262,8.97457922044103e-07
ECLI:CZ:US:2007:1.US.544.06.1,Nález,First Chamber,Eliška Wagnerová,Ivana Janů,0.2327407088364821,0.0019070574850023,0.051706692429388,9,0,0,0.0003122761581568,0.0019070574850023,0.0037207937321545,0.2327407088364821,0.0004084491251319,0.0097983055000518,0.0017702357577197,0.0012842110343221,0.028859284036247,0.0001804005488777,0.0004267163740804,0.0018438935872094,0.0001838442610392,0.000261531929447,0.0066545494026827,0.0469619817747182,0.0004197254287167,0.0044665993257823,0.0036188649631947
ECLI:CZ:US:2007:4.US.34.06.1,Nález,Fourth Chamber,Miloslav Výborný,Michaela Židlická,0.10051911228795,0.0005726142475917,0.0520121892670392,16,0,0,0.0009515484195366,0.007252668160102,0.0006479629281784,0.0205686677573021,0.0002395711528824,0.0058994621571736,0.0014393132798247,0.0180755948034991,0.0010423292489692,0.0055874542804867,0.0040618297439188,0.10051911228795,0.0005726142475917,0.000780377710778,0.0535884272535196,0.0034372660579091,0.0001913902726659,0.0049541455509879,0.0003114953400279
ECLI:CZ:US:2007:1.US.1947.07.1,Nález,First Chamber,Eliška Wagnerová,Ivana Janů,0.7069692879154569,0.0002588795015904,0.0497258770980786,16,0,0,0.0004846581326016,0.0002588795015904,0.0003691002250792,0.7069692879154569,0.0003216473427658,0.0006724031414908,0.0079419351183516,0.000480631999578,0.003326554227949,0.0001638749283967,2.0325501297665643e-05,0.0009311378558003,0.0026879063881655,0.0022542725179961,0.0628673502367104,0.0005820462309799,3.718182854021306e-05,0.0013718008902446,0.0007885498818739
ECLI:CZ:US:2007:4.US.23.05.2,Nález,Fourth Chamber,Eliška Wagnerová,Vladimír Sládeček,0.0474646214249822,0.0356812141811245,0.0541534534278208,2,0,1,0.000356429088143,0.0356812141811245,0.0011936534763285,0.0031258144435286,0.0022186701413118,0.0079075315291702,0.0012590700126309,0.0005880535788395,0.004418336364589,0.0114168344474877,0.0036630974068832,0.0005164537553167,0.0009746989891988,0.0002898568135091,0.0007289841197282,0.0053433066027181,4.289014364932167e-05,0.0474646214249822,0.0076845355719301
ECLI:CZ:US:2007:3.US.655.06.1,Nález,Third Chamber,Vladimír Kůrka,Jan Musil,0.6728115871601748,0.0055810469118443,0.050203229639918,5,0,0,0.0008175351156448,0.0075119250103302,0.0005263527620907,0.0009150445850729,0.0004974219257409,0.6728115871601748,0.0004853253907744,0.002902470362761,0.0316410330445475,0.0002523632256013,0.000717359827381,0.0005821020303246,0.0020471199748032,0.0001069250254399,0.0123079662958741,0.0005576457708806,0.0055810469118443,0.0023305451704997,0.0003606696678231
ECLI:CZ:US:2007:Pl.US.44.06.1,Nález,Plenum,Jiří Nykodým,Kateřina Šimáčková,0.5862004613456135,0.0057896798949938,0.0503781743005328,7,0,0,0.0026402053038275,0.0287203453399956,0.0008259720163693,0.0720086345090725,0.000448073022525,0.0145209839085641,0.0057896798949938,0.0079551473012253,0.0024004422699575,0.5862004613456135,0.0172167592999868,0.0007320494935822,0.0004994553092202,0.0002001508070122,0.0011227595340233,0.0001544471552302,4.906878243371659e-05,0.004802231436258,0.0044846072426583
ECLI:CZ:US:2007:Pl.US.20.06.1,Nález,Plenum,Michaela Židlická,Eliška Wagnerová,0.0923679239773197,0.0015359626880439,0.0520019518280031,10,0,0,0.0006058610827211,0.0923679239773197,0.0432727981469178,0.0158666494424917,3.8728373773656224e-05,0.0020350586279252,0.0180961287832686,0.0016733106291753,0.004440620163251,0.0013911484834443,0.0006574571872803,0.0015359626880439,2.839660940625716e-05,0.0005064130357183,0.0656234854343495,0.0010110824743518,4.39816594001616e-05,0.0009363669450075,0.0016144591509073
ECLI:CZ:US:2007:Pl.US.3.06.1,Nález,Plenum,Vladimír Kůrka,Ivana Janů,0.025613819079345,0.0061713328083907,0.0527540059441458,4,0,0,5.414209877825258e-05,0.0119555059463491,0.0002656204106762,0.025613819079345,0.000593963475374,0.0038871471636045,0.0003682672901419,0.0033873999087397,0.0032993097569945,0.000268271536839,0.0064628380602813,0.0015225261803952,0.0005153622979336,0.0004944739122899,0.0044959183997334,0.0018630117186811,0.0061713328083907,0.0010585392428876,0.0004982453454697
ECLI:CZ:US:2007:Pl.US.8.06,Nález,Plenum,Ivana Janů,Radovan Suchánek,0.010480554006246,0.0045358795663825,0.0527031620679689,5,0,0,0.0006504605531404,0.0031412828479542,0.0043332514559628,0.0045358795663825,0.0003401887138578,0.0061864803251801,0.0011257714083445,0.0073814172792743,0.0007148076265679,0.0005526902320424,0.0038671757380319,0.0009177704782287,0.0003781173701037,8.196975192740149e-05,0.010480554006246,0.0038545713139643,0.00928952865868,0.001764813955366,0.0006689630937917
ECLI:CZ:US:2006:2.US.549.06,Nález,Second Chamber,Jiří Nykodým,Radovan Suchánek,0.0228324621295383,0.0001869014216541,0.0524699634006546,17,0,0,0.0031488967066116,0.0067427093472639,0.0006360003183844,0.0043935997928295,0.000592115159898,0.0056776414241426,0.0001869014216541,0.000106461533526,0.0022545705721527,0.0004388496554284,0.0003456521038445,0.0004167440131645,0.0021942960044187,0.0008124626938404,0.0228324621295383,0.0095025536763862,0.0001835289173465,0.0009538779603781,0.0002980409970277
ECLI:CZ:US:2006:Pl.US.15.06,Nález,Plenum,Jiří Nykodým,Kateřina Šimáčková,0.0484872293613085,0.0087666331686535,0.0526370140291678,5,0,0,0.0070989158734529,0.0472086072992197,0.0014260653344587,0.0251004974583585,0.0004682202784903,0.00297428713573,0.0087666331686535,0.0049307100890491,0.001576043560544,0.0484872293613085,0.0105951677164777,0.0004479896621986,0.0001493655610865,0.0006327014583659,0.0001459368579571,0.0012395311345509,3.5586763968450345e-05,0.0009236710931985,0.000326837429338
ECLI:CZ:US:2006:3.US.291.03,Nález,Third Chamber,Eliška Wagnerová,Jan Musil,0.2491659982522002,0.0023616427715718,0.0516284821096484,10,0,0,0.0018488306314548,0.0023616427715718,0.0008233246110487,0.0278501226692298,0.0004374407097726,0.2491659982522002,0.004925718619362,0.0007298716771403,0.0006756132688414,0.008889268774649,0.000457388187652,0.0003635945683232,0.0002262771186019,0.0024527716968918,0.0103845779712371,0.0190752485069438,3.685228227462779e-05,0.0194137880938524,0.029718623815998
ECLI:CZ:US:2006:4.US.767.05,Nález,Fourth Chamber,Eliška Wagnerová,Radovan Suchánek,0.4176381785799631,0.0021915221843612,0.0510517134927893,9,0,0,6.698804644651789e-05,0.0021915221843612,0.0023955433275843,0.0474115862026417,0.0002663370652276,0.0229873006843212,0.0012190431808387,0.0037610447149773,0.0115281812729333,8.206335291292049e-05,7.257447535172025e-05,0.0004313783113758,0.0008451967863675,0.0011591478405913,0.4176381785799631,0.01198926534716,0.000175585867608,0.0033844928701368,0.0010496602691356
ECLI:CZ:US:2005:1.US.453.03,Nález,First Chamber,Eliška Wagnerová,Stanislav Balík,0.1871427026142419,0.0539974956247233,0.054515358303709,2,0,1,0.0005998002218007,0.0539974956247233,0.0011463622380757,0.0127478026140392,0.0025391540567871,0.0172728351379901,0.0051069919691396,0.0001330334458206,0.0006716616721826,0.0039195670216334,0.0005301144942835,0.0019033321988262,0.0002915673308797,0.0002962542686857,0.0006309205443831,0.1871427026142419,0.0001071485662877,0.0141398337657059,0.0368220072212785
ECLI:CZ:US:2005:4.US.298.05.1,Nález,Fourth Chamber,Miloslav Výborný,Ivana Janů,0.1001588179009903,0.0058955850063373,0.052326489395825,3,0,1,0.0007708826984616,0.0024393571071059,0.0006642863402702,0.1001588179009903,0.0008584899790912,0.0020549009583031,0.0034327018560389,0.0023861857902419,0.0006542029328201,0.0004591962456149,0.0004819622189914,0.0851013290354224,0.0058955850063373,0.0028128158712891,0.0021656916378754,0.0010137108223014,0.0001876273001546,0.002790164945414,0.0004964514053031
ECLI:CZ:US:2005:4.US.276.04,Nález,Fourth Chamber,Eliška Wagnerová,Ivana Janů,0.1473708994950877,0.0346599710455535,0.0538477813739432,2,0,1,0.0005583180009715,0.0346599710455535,0.0014482438026356,0.1473708994950877,0.00033448404597,0.002043747421511,0.0011139204297078,0.0005008745595802,0.0005113884073252,0.0002148687276901,0.0002609542773024,0.0091592368329735,0.0005163995176947,0.0021457582687214,0.0100238101018946,0.0012038519341917,0.0001202650309533,0.000912448264841,0.0005972918847344
ECLI:CZ:US:2005:1.US.554.04,Nález,First Chamber,Eliška Wagnerová,Ivana Janů,0.0786894693448479,0.0216301282257152,0.0530951304594608,4,0,0,0.0004663634810743,0.0216301282257152,0.000352178997239,0.0786894693448479,0.0001582932336978,0.0061602247012679,0.0012308318110815,0.0017321329294037,0.0007441456511585,0.0101596894923595,0.0016470474535142,0.0022346527832935,0.012995613123855,0.0002570849291821,0.075750145603554,0.0233694869638374,7.107802964881429e-05,0.000845706745239,0.0006515117658278
ECLI:CZ:US:2005:4.US.353.04,Nález,Fourth Chamber,Michaela Židlická,Ivana Janů,0.6159765398410505,0.0107438786358752,0.0503817256790716,4,0,0,0.000256495744836,0.0006247803804111,0.0004824730732059,0.6159765398410505,0.0005313542322916,0.0068644094918541,0.00964829400217,9.534917554927844e-05,0.0078448369225258,0.0003731629933366,0.0001938525396029,0.0107438786358752,0.0091541204723985,0.0001108433742661,0.1348661987809694,0.0191596566739062,5.34221036422271e-05,0.0002935762088756,0.0002014164116474
ECLI:CZ:US:2005:4.US.223.04,Nález,Fourth Chamber,Miloslav Výborný,Radovan Suchánek,0.1902443801884191,0.0117724837655144,0.0525030804821811,3,0,1,0.001325927310853,0.0090422754103094,0.0005052757610941,0.0077638564076396,0.0002615883150957,0.0042257641835566,0.0058763985469441,0.0009408164428137,0.0020080970491667,0.0001886824435479,8.646605332256522e-05,0.0012423917028456,0.0117724837655144,0.0015438231609562,0.1902443801884191,0.0150291454250004,2.754935868218008e-05,0.0002279526043488,0.0001514358720469
ECLI:CZ:US:2005:2.US.528.02,Nález,Second Chamber,Stanislav Balík,Jiří Nykodým,0.1004064603070863,0.01104584538823,0.0527370270429144,4,0,0,0.0023207787652659,0.0001212410287932,0.0030028875667902,0.0046780108684838,0.0007132671761145,0.0016154745719264,0.1004064603070863,0.0015149033635512,0.0059618479061926,2.9219801932518447e-05,0.0002321111384529,0.0017762773790031,0.000205498133184,0.0043181588029971,0.0165604073654275,0.01104584538823,3.563998292901517e-05,0.0120936822179848,0.0004540661749212
ECLI:CZ:US:2005:2.US.597.02,Nález,Second Chamber,Michaela Židlická,Eliška Wagnerová,0.2142195574226055,0.0041724173523595,0.0519651584535768,7,0,0,0.0005729750949334,0.2142195574226055,0.0007041554976192,0.043927250251913,0.0005146965715055,0.0019325450003602,0.0073203787946574,0.0003318729044456,0.0002201627995933,0.0074841038517166,0.0045317223886395,0.0041724173523595,0.0007547277389102,0.0007523029096406,0.0023913597379325,0.004976723747837,0.0001571999483023,0.0026711447695404,0.0007378156850092
ECLI:CZ:US:2004:2.US.546.02,Nález,Second Chamber,Michaela Židlická,Ivana Janů,0.3461305428523947,0.0007099818754301,0.0511302581735524,11,0,0,0.0007102245569203,0.0070718799011074,0.0018800351418404,0.3461305428523947,0.0003171564842458,0.0054351419775479,0.0036419889916803,0.000405887256349,0.1033350915104977,7.625189305949494e-05,0.0002408371466983,0.0007099818754301,0.0004022316198346,0.0001776978556718,0.0062936998979435,0.0171525624462943,3.1180796826617285e-05,0.0044645694497876,9.316138351000428e-05
ECLI:CZ:US:2004:4.US.630.03,Nález,Fourth Chamber,Miloslav Výborný,Eliška Wagnerová,0.1296570983910629,0.0010814214647748,0.0521130263429835,12,0,0,0.0009304689623619,0.1296570983910629,0.0004624110229981,0.0399755713148812,0.0002748773116963,0.0072189381248151,0.0040382815068045,0.0030575202839994,0.0012923580748794,0.001388097912044,0.0004636276370257,0.0023102654719265,0.0010814214647748,0.0005463431144819,0.001627452883969,0.0010484940842477,3.40135899450892e-05,0.0033646704000434,0.0014069718331657
ECLI:CZ:US:2001:4.US.382.2000,Nález,Fourth Chamber,Ivana Janů,Josef Fiala,0.0245696586322868,0.018612696782725,0.0533830079606981,2,0,1,0.0006088790541492,0.0119343946856295,0.0004744205026668,0.018612696782725,0.0001452433550269,0.0030735637090934,0.0013464420532232,0.0063342113060301,0.0245696586322868,0.0002788971993969,0.0027702480810009,0.0011384899526507,0.0019429606186192,0.0047873545420791,0.0011580065514046,0.003657607666507,4.600109736524852e-05,0.0008688327725215,0.0001311205296681
ECLI:CZ:US:2000:4.US.302.99,Nález,Fourth Chamber,Ivana Janů,Ivana Janů,0.0387765120642283,0.0387765120642283,0.0544319369785037,1,1,1,0.0018814092517883,0.0138799544577815,0.002823394616555,0.0387765120642283,0.0002827343252579,0.0098182712948177,0.0031254004339675,0.0055384473485241,0.0091193391688607,0.0018950202346863,0.0002291373049909,0.002524004942796,0.0005061300571986,0.00296432749715,5.372819747024719e-05,0.0012969097391155,3.250237903540448e-05,0.0021324706832822,7.803614865903557e-05
ECLI:CZ:US:1997:4.US.34.97,Nález,Fourth Chamber,Pavel Varvařovský,Pavel Varvařovský,0.9768263442383356,0.9768263442383356,0.1281864640704517,1,1,1,0.0042986460721761,0.0016590040938605,0.0023210809996436,0.0241071442062784,0.0004254509399228,0.003293791759402,0.0043152522717892,0.0024236883999625,0.000482223342874,0.0025757486468457,2.998153131596791e-05,0.0010132442562822,6.114893692720542e-05,0.9768263442383356,0.0118462293895592,0.0016847040420658,5.7479696758679015e-05,0.0019998564795475,0.000911803539028
ECLI:CZ:US:1995:2.US.101.95,Nález,Second Chamber,Iva Brožová,Iva Brožová,0.9331948388611254,0.9331948388611254,0.1226803408127889,1,1,1,0.0002759401600554,0.0206293666668658,0.9331948388611254,0.0163974074051788,0.0001601285240525,0.0003355099520093,0.0149607669289548,0.0080688545023147,0.0074797086825646,2.807547606248455e-05,0.0001527747941098,0.0012279487218473,0.0001604049779873,0.0001223846371022,0.0020571990384742,0.1036818570380615,0.0002025904492433,0.0008685939715127,4.516315172286968e-05
